date_received,product,subproduct,issue,subissue,consumer_complaint_narrative,company_public_response,company_name,state,zip_code,tags,consumer_consent_provided,submitted_via,date_sent_to_company,company_response_to_consumer,timely_response,consumer_disputed,complaint_id
10/16/2020,"Credit reporting, credit repair services, or other personal consumer reports",Credit repair services,Fraud or scam,,,,ERC,,,,,Phone,10/19/2020,Closed with explanation,TRUE,,3903929
10/24/2014,Credit reporting,,Incorrect information on credit report,Account terms,,,ERC,LA,70816,"Older American, Servicemember",,Web,10/29/2014,Closed with non-monetary relief,TRUE,FALSE,1085252
3/14/2015,Credit reporting,,Incorrect information on credit report,Account terms,,,ERC,AL,35242,,,Web,3/20/2015,Closed with non-monetary relief,TRUE,FALSE,1283279
7/13/2015,Debt collection,"Other (i.e. phone, health club, etc.)",Cont'd attempts collect debt not owed,Debt was paid,"During my time as an employee for XXXX, I was encouraged to open a Dealer or Concession line as my business contact number. I successfully opened an account and paid monthly according to my contract. Unfortunately that phone was stolen/lost by a fellow employee and I had documentation from XXXX to verify, it was ultimately reported as lost to the company and my superiors in a timely manner. I was told by my manager to open another line, as I would n't be eligible for employee discounts if I fully cancelled my original account for 3 to 6 months. I was instructed to use my social security number to open another type of employee discount account and did so without issue. I used this new account until I parted ways with the company. I was informed that all employee accounts would be terminated upon my leaving and that all devices had to be returned. I left my phone at my store location with my manager and called into employee care to verify the information he had given me, which they did. 

Nearly a year later I requested a credit check and saw that I had been sent to collections over a debt with XXXX. When I called in to see where the debt had originated I was bounced back and forth between XXXX and XXXX as neither said they could help me ; XXXX XXXX because I was a consumer, and XXXX because I had been an employee for the duration of my account. 

My current position allowed me to open an employee line with XXXX although they are NOT my employer, and I used this opportunity to begin a dialogue with someone who could possibly work on clearing up this debt from within the company. After weeks of telephone and email correspondence with the gentleman, I was offered the ability to pay off the debt and then be immediately reimbursed the money if I opened another account with XXXX. I felt immensely pressured to take the offer to save my credit but ultimately decided to pass, as I was n't comfortable being forced into signing another binding contract with the company to erase a debt that should never have occurred. 

Throughout the duration of this, going on two years, I have been called repeatedly by multiple Debt Collection Agencies each time the "" debt '' is sold off to a new company. I 've been called at work, late in the evening, inappropriately early in the mornings, and now XXXX prompting me to submit a complaint XXXX a NEW company has begun calling my family members in other states.",Company believes it acted appropriately as authorized by contract or law,ERC,CO,80916,,Consent provided,Web,7/13/2015,Closed with non-monetary relief,TRUE,FALSE,1465916
9/21/2018,Debt collection,Other debt,Attempts to collect debt not owed,Debt was paid,,Company believes it acted appropriately as authorized by contract or law,ERC,KY,41008.0,,Consent not provided,Web,9/21/2018,Closed with explanation,TRUE,,3025580
4/1/2015,Debt collection,"Other (i.e. phone, health club, etc.)",Cont'd attempts collect debt not owed,Debt was paid,,Company believes it acted appropriately as authorized by contract or law,ERC,DC,20032,,Consent not provided,Web,4/6/2015,Closed with non-monetary relief,TRUE,FALSE,1310351
12/14/2019,Debt collection,I do not know,Attempts to collect debt not owed,Debt was paid,,Company believes it acted appropriately as authorized by contract or law,ERC,TX,77087,Servicemember,Consent not provided,Web,12/14/2019,Closed with explanation,TRUE,,3468169
1/3/2023,Debt collection,Other debt,Attempts to collect debt not owed,Debt was paid,,,ERC,GA,30253.0,Servicemember,Consent not provided,Web,1/3/2023,Closed with explanation,TRUE,,6393457
3/15/2015,Debt collection,"Other (i.e. phone, health club, etc.)",Cont'd attempts collect debt not owed,Debt was paid,,,ERC,CA,92078.0,,,Web,3/15/2015,Closed with non-monetary relief,TRUE,FALSE,1283453
4/30/2016,Debt collection,"Other (i.e. phone, health club, etc.)",Cont'd attempts collect debt not owed,Debt was paid,"I have been monitoring my credit weekly for 2 years now and have discovered that ERC, a third-party debt buyer, has reported a {$59.00} derogatory collection on my credit reports. I was never given any notice of the debt due ... never given a chance to dispute the issue within the 30 day period, which is required by law and a violation of my consumer rights under the FCRA. 
I am writing to obtain validation that the company has a right to collect this money from me. Thus, ERC indicates that XXXX XXXX is the original creditor ; however, I never owed XXXX XXXX any money. When I moved from XXXX, I returned the equipment to the XXXX office and paid the amount that XXXX XXXX said that I owed to close the account and pay the balance in full. This was done in XXXX 2015. Furthermore, around XXXX 2015, I received a 'refund ' from XXXX XXXX of {$44.00}. 
Again, I need validation of this debt from ERC. What was the original amount of the debt? What was the original account number and date of original debt? MORE IMPORTANTLY, please tell me why you believe that you have a right to collect this debt? Please provide verification and "" documentation '' that there is a valid basis for claiming that I am required to pay the debt to this current creditor. For example, can you provide a copy of the written agreement that created my original requirement to pay? Also, a copy of the last billing statement from the original creditor is required.",Company believes it acted appropriately as authorized by contract or law,ERC,CA,92008,,Consent provided,Web,5/5/2016,Closed with non-monetary relief,TRUE,TRUE,1903865
11/15/2014,Debt collection,"Other (i.e. phone, health club, etc.)",Cont'd attempts collect debt not owed,Debt was paid,,,ERC,FL,33614,Older American,,Web,11/18/2014,Closed with non-monetary relief,TRUE,TRUE,1118356
3/9/2019,Debt collection,Other debt,Attempts to collect debt not owed,Debt was paid,"I previously had phone service with XXXX XXXX. My bill was set up on auto-pay and was taken directly from my account each month. I switched phone carriers, which resulted in a final bill, which was paid automatically on XX/XX/XXXX. I have attached documentation to reflect this information ( my XXXX account was under a previous last name of mine ). 

For some reason, XXXX has repeatedly placed the amount for this final bill ( {$1000.00} ) with multiple third party collection agencies/attorney firms. I have disputed this several times and have even received confirmation that the dispute was closed in my favor. I requested a full validation of debt from the last agency that contacted me in regards to this. I received that validation of debt documentation on XX/XX/XXXX. This documentation clearly shows my final bill and the corresponding payment, reflecting a XXXX balance owed. Not only is this causing unnecessary stress, it is now negatively impacting me. I was recently denied credit because this is reflecting on my credit report and I also had to accept a car loan with a much higher interest rate than I feel I would have qualified for. I responsibly pay all of my bills through auto-pay because I care very much about my credit rating. I am very upset that this is impacting me so negatively and I was actually really embarrassed during the car buying process when this came up. I do not know what I need to do to get it resolved.",Company believes it acted appropriately as authorized by contract or law,ERC,KY,41091.0,,Consent provided,Web,3/14/2019,Closed with explanation,TRUE,,3174523
6/13/2016,Debt collection,"Other (i.e. phone, health club, etc.)",Cont'd attempts collect debt not owed,Debt was paid,,Company believes it acted appropriately as authorized by contract or law,ERC,TX,77063,,Consent not provided,Web,6/13/2016,Closed with non-monetary relief,TRUE,FALSE,1966476
5/12/2021,Debt collection,Other debt,Attempts to collect debt not owed,Debt was paid,"Several debt collectors have called me on behalf of XXXX XXXX. The one that contacted me today was ERC. I already settled my debt with XXXX XXXX through XXXX on XX/XX/XXXX i the amount of {$180.00} which is 50 % of the total amount owed. I spoke to XXXX XXXX when I made the payment. The phone number she provided on XX/XX/XXXX was XXXX. She also provided a Ref # that I will provide upon request. XXXX who is also with XXXX, provided XXXX. When I called that number a gentleman answered and said that he would transfer me to the "" correct department '' I asked, "" What is the correct department? '' He repeated, "" I will transfer your call to the correct department. '' I held for approximately XXXX XXXX and then he disconnected the call. Then, I placed a call to XXXX XXXX to ask for a list of their legitimate authorized debt collectors, so I know which ones to report to the FTC. My call was answered by XXXX who stated that her records show that I still owe {$180.00}. I insisted that I do not owe that amount, and I settled for {$180.00} on XX/XX/XXXX. XXXX confirmed that a payment in the amount if {$180.00} was made, but that I still owe {$180.00}. After an unresolved debate, XXXX transferred my call to another representative who could not find an account to match my phone number. He answered the call in XXXX, but I assured him that I am not fluent enough in XXXX for him to take my call. He also attempted to give me instructions to dial in again, and put in a series of "" ten zeroes '' as opposed to my actual phone numbers. I stated that I am not willing to continue to follow their instructions, because I have not received a resolution for my request, nor were the seeking to honor my request, but to collect money that is no longer due to them. I informed the representative from XXXX XXXX that I would seek legal action against XXXX XXXX and all of those collecting on their behalf if I receive another phone call, because it is now harrassment.",,ERC,GA,30506.0,,Consent provided,Web,5/12/2021,Closed with explanation,TRUE,,4372086
6/25/2021,Debt collection,Other debt,Attempts to collect debt not owed,Debt was paid,,,ERC,TX,75227.0,,Consent not provided,Web,6/25/2021,Closed with explanation,TRUE,,4492700
11/16/2016,Debt collection,"Other (i.e. phone, health club, etc.)",Cont'd attempts collect debt not owed,Debt was paid,,Company believes it acted appropriately as authorized by contract or law,ERC,NY,11501,,Consent not provided,Web,11/16/2016,Closed with non-monetary relief,TRUE,FALSE,2209927
7/9/2020,Debt collection,Other debt,Attempts to collect debt not owed,Debt was paid,"On XX/XX/2020 I settled and paid a debt with Enhance recovery collection agency then requested that the account be removed from my credit report because Im trying to buy a house. My score dropped down 35 points because of this and Im still trying to recover from this point drop. I was told that they do not remove anything and that a manager would call me back. 

I was passed around from one agent to another and none we able to help me. As of today, I have yet to receive a call from a manager and the collection remains on my report and has a huge NEGATIVE red for the month of XXXX when this was legally paid in XXXX.",,ERC,CA,92139.0,,Consent provided,Web,7/21/2020,Closed with explanation,TRUE,,3737269
3/17/2015,Debt collection,"Other (i.e. phone, health club, etc.)",Cont'd attempts collect debt not owed,Debt was paid,,,ERC,IL,60014,,,Web,3/17/2015,Closed with non-monetary relief,TRUE,TRUE,1287040
2/28/2017,Debt collection,"Other (i.e. phone, health club, etc.)",Cont'd attempts collect debt not owed,Debt was paid,,Company believes it acted appropriately as authorized by contract or law,ERC,MD,20744,,Consent not provided,Web,2/28/2017,Closed with non-monetary relief,TRUE,TRUE,2364425
6/24/2014,Debt collection,"Other (i.e. phone, health club, etc.)",Cont'd attempts collect debt not owed,Debt was paid,,,ERC,CA,90731.0,,,Web,6/24/2014,Closed with non-monetary relief,TRUE,FALSE,909213
7/24/2015,Debt collection,"Other (i.e. phone, health club, etc.)",Cont'd attempts collect debt not owed,Debt was paid,It is showing on my credit report that i owe money on XXXX when i already paid everything. Infact I still have an open account on XXXX for my internet swervice and home phone service. I have ask XXXX why is this Debt showing from this company and they have told me they dont know why or how. They said they have contacted the Debt collector and told them that i dont owe any balance from them and they still didnt take it out of my credit report. I have called the Agency to show me proof of this Debt and they refuse to send me any document. This is affecting my credit big time since im trying to build my credit and purchase a house.,Company believes it acted appropriately as authorized by contract or law,ERC,CA,94560,,Consent provided,Web,7/24/2015,Closed with non-monetary relief,TRUE,TRUE,1484909
11/10/2018,Debt collection,Other debt,Attempts to collect debt not owed,Debt was paid,,Company believes it acted appropriately as authorized by contract or law,ERC,CA,94709.0,,Consent not provided,Web,11/10/2018,Closed with explanation,TRUE,,3071082
5/20/2019,Debt collection,Other debt,Attempts to collect debt not owed,Debt was paid,Set up an payment agreement to pay and remove off of my credit report. Opened in XX/XX/XXXX closed beginning of XX/XX/XXXX.,Company believes it acted appropriately as authorized by contract or law,ERC,KY,41018.0,,Consent provided,Web,5/20/2019,Closed with explanation,TRUE,,3248051
2/27/2017,Debt collection,"Other (i.e. phone, health club, etc.)",Cont'd attempts collect debt not owed,Debt was paid,,Company believes it acted appropriately as authorized by contract or law,ERC,TX,77535,,,Phone,3/2/2017,Closed with non-monetary relief,TRUE,FALSE,2362335
2/23/2015,Debt collection,"Other (i.e. phone, health club, etc.)",Cont'd attempts collect debt not owed,Debt was paid,,,ERC,IL,60657,,,Web,2/23/2015,Closed with non-monetary relief,TRUE,FALSE,1253360
4/12/2021,Debt collection,Other debt,Attempts to collect debt not owed,Debt was paid,"On XX/XX/2021, I contacted ERC regarding an XXXX XXXX XXXX bill that was placed in collections, ( Ref No. XXXX ). I made a settlement arrangement and made payment of that settlement on XX/XX/2021. I was also promised that my file would be updated and the collections removed. I have contacted ERC and is now being told that they were not the original collection agency who placed the account into collection and I would have to look at my credit report to find out who the agency was. I was also told i can contact XXXX XXXX XXXX. I looked at my report and did not see anything. I then decided to contact XXXX XXXX XXXX. I tried for 7 days to get to a rep that could assist me but got the run around ( we no longer have this account, you would have to check with XXXX. When get in contact with XXXX, I was told by the XXXX  rep, you have to contact XXXX XXXX XXXX as they were the original account holder ). I am now contacting the CFPB as I am at a dead end.",,ERC,FL,33556.0,,Consent provided,Web,4/12/2021,Closed with explanation,TRUE,,4292455
8/21/2015,Debt collection,"Other (i.e. phone, health club, etc.)",Cont'd attempts collect debt not owed,Debt was paid,"Enhanced Recovery Corporation, XXXX, FL XXXX. XXXX XXXX XXXX debt for early cancellation fee. 

XXXX promised cell phone coverage at my home address. I had no cell phone signal at my home address and could not make or receive calls. After 2 years of complaining to tech support no resolution was found. I switched to XXXX after seeing a friends phone was fully operational at my home. This was explained to XXXX and they still refused to let me out of my contract. I decided to cancel my XXXX cell phone service for breach of contract to provide cell phone service to a location within the service area as shown to me on the XXXX map at time of purchase. The above was mailed to the initial debt collection agency who did not respond. I still receive a daily phone call from Enhanced Recovery via a recorded message in an attempt to collect XXXX early cancellation fee invoiced in XXXX 2010. All other monthly charges were paid in full except the cancellation fee.",Company believes it acted appropriately as authorized by contract or law,ERC,OH,45417,,Consent provided,Web,8/21/2015,Closed with non-monetary relief,TRUE,FALSE,1529896
7/30/2014,Debt collection,"Other (i.e. phone, health club, etc.)",Cont'd attempts collect debt not owed,Debt was paid,,,ERC,FL,32907,,,Web,8/4/2014,Closed with non-monetary relief,TRUE,FALSE,961051
10/3/2016,Debt collection,"Other (i.e. phone, health club, etc.)",Cont'd attempts collect debt not owed,Debt was paid,This is a debt from XXXX that has already been paid through another debt collection agency that was hired to collect on the same exact debt.,Company believes it acted appropriately as authorized by contract or law,ERC,SC,29464,,Consent provided,Web,10/5/2016,Closed with non-monetary relief,TRUE,FALSE,2140629
2/5/2014,Debt collection,I do not know,Cont'd attempts collect debt not owed,Debt was paid,,,ERC,CA,94114,,,Phone,2/10/2014,Closed with non-monetary relief,TRUE,FALSE,705880
7/16/2014,Debt collection,"Other (i.e. phone, health club, etc.)",Cont'd attempts collect debt not owed,Debt was paid,,,ERC,CA,92118,,,Web,7/16/2014,Closed with explanation,TRUE,FALSE,940219
6/9/2016,Debt collection,"Other (i.e. phone, health club, etc.)",Cont'd attempts collect debt not owed,Debt was paid,I had a balance from XXXX and received a settlement letter. I paid the balance due to settle and now Enhanced Recovery has no documentation of the payment 1 year later and will not remove the balance from my credit report. I have called several times and tried to dispute but no results. I was told by the agency that the debt would be removed and that I will receive a proof of payment. I have not received any thing at this point.,Company believes it acted appropriately as authorized by contract or law,ERC,MD,20747,,Consent provided,Web,6/9/2016,Closed with non-monetary relief,TRUE,FALSE,1961257
4/13/2015,Debt collection,"Other (i.e. phone, health club, etc.)",Cont'd attempts collect debt not owed,Debt was paid,"Enhanced recovery placed a new collection account on my credit report. The original account was settled thrust XXXX on XXXX. XXXX telephone number is XXXX address XXXX XXXX XXXX XXXX Nebraska XXXX. Per my credit report the file states closed and paid with a, XXXX balance",Company believes it acted appropriately as authorized by contract or law,ERC,AL,35216,,Consent provided,Web,4/25/2015,Closed with non-monetary relief,TRUE,TRUE,1328450
2/3/2018,Debt collection,Other debt,Attempts to collect debt not owed,Debt was paid,"On XX/XX/XXXX, I was notified by XXXX from my XXXX account that a collection debt was flagged. XXXX/XXXX and the collection agency they use XXXX XXXX XXXX XXXX ( ERC ) put a debt collection on my credit report and I never received a bill. This charge is from XX/XX/XXXX! I paid a previous balance in XX/XX/XXXX and the debt was paid. They also had my current address and current phone number which has not changed. I called XXXX/XXXX and have called the collection agency and complained about this. They are currently saying I owe a debt of XXXX which I do NOT. We have also learned the reason why I owe this is because when I paid for the service back in XX/XX/XXXX at one apartment and then had to move into another apartment 6 weeks later and transferred the service, they did not transfer the ENTIRE service! They have admitted the billing/ accounting error and have still demanded I pay the XXXX. After numerous complaints and numerous back and forth phone calls, a lady from their administration service has told me the bill is valid. After researching on this and I demanded them to send me a copy of the contract and paperwork, they have told me they can not produce it! So I am being told by these 2 ridiculous companies that I owe a debt of XXXX with no contract or paperwork and no previous bills ... When I paid the debts in XX/XX/XXXX, nothing was ever stated to me nor mailed. One more thing, both debts on my XXXX  credit report states PAID and CLOSED. So after reading this situation, please let me know if you can help me. Today during a conversation with XXXX/XXXX, they told me that the debt collection was through XXXX, the debt that was reported on my credit was through ERC. XXXX XXXX XXXX XXXX. I have also disputed this debt with XXXX, XXXX, and XXXX. I also have some screenshots saved and a few conversations recorded from XXXX/XXXX, and yes they were told they were being recorded. Thank you.",Company believes it acted appropriately as authorized by contract or law,ERC,TN,37110.0,,Consent provided,Web,2/8/2018,Closed with explanation,TRUE,,2802433
11/14/2014,Debt collection,"Other (i.e. phone, health club, etc.)",Cont'd attempts collect debt not owed,Debt was paid,,,ERC,MI,48906,,,Phone,11/18/2014,Closed with non-monetary relief,TRUE,FALSE,1117028
8/6/2021,Debt collection,I do not know,Attempts to collect debt not owed,Debt was paid,,,ERC,NC,28314.0,,Consent not provided,Web,8/6/2021,Closed with explanation,TRUE,,4608526
7/10/2017,Debt collection,Other debt,Attempts to collect debt not owed,Debt was paid,ERC started to report on my credit file without send me a 30 day right to dispute .... I had already paid the XXXX debt prior to them reporting and by law they have to notify me with the 30 day right to dispute.,Company believes it acted appropriately as authorized by contract or law,ERC,UT,84121.0,,Consent provided,Web,7/10/2017,Closed with explanation,TRUE,,2570457
4/15/2015,Debt collection,"Other (i.e. phone, health club, etc.)",Cont'd attempts collect debt not owed,Debt was paid,"Enhanced Recovery has XXXX filed a collection account against my credit reports for a bill to XXXX that I do not owe. The collection was originally placed last week. I verified with XXXX that the debt is not owed and Enhanced Recovery removed the collection. Today, Enhanced Recovery placed the collection back on my credit report.",,ERC,KS,66062,,Consent provided,Web,4/15/2015,Closed with non-monetary relief,TRUE,TRUE,1331937
3/15/2022,Debt collection,Other debt,Attempts to collect debt not owed,Debt was paid,,,ERC,FL,33034.0,,Consent not provided,Web,3/15/2022,Closed with explanation,TRUE,,5323434
9/13/2014,Debt collection,"Other (i.e. phone, health club, etc.)",Cont'd attempts collect debt not owed,Debt was paid,,,ERC,VA,22401.0,,,Web,9/13/2014,Closed with non-monetary relief,TRUE,FALSE,1027820
4/5/2016,Debt collection,"Other (i.e. phone, health club, etc.)",Cont'd attempts collect debt not owed,Debt was paid,,Company believes it acted appropriately as authorized by contract or law,ERC,MD,21230,,Consent not provided,Web,4/5/2016,Closed with non-monetary relief,TRUE,FALSE,1864979
3/5/2015,Debt collection,"Other (i.e. phone, health club, etc.)",Cont'd attempts collect debt not owed,Debt was paid,,,ERC,TX,79935,,,Web,3/13/2015,Closed with non-monetary relief,TRUE,TRUE,1270241
8/25/2015,Debt collection,"Other (i.e. phone, health club, etc.)",Cont'd attempts collect debt not owed,Debt was paid,"I had an unpaid debt to the creditor XXXX XXXX XXXX XXXX for XXXX XXXX on a Wi-FI hotspot. The company XXXX offered me a settlement of {$120.00} to pay off the debt. I accepted and paid {$120.00} in full, online, on XXXX. I have a statement from my bank reflecting this payment and a letter downloaded from the XXXX Web site which corroborates the debt was paid in full. I had no reason to believe otherwise. 

On XXXX I received a letter via USPS from Enhanced Recovery Company , LLC which stated that I STILL owed a debt to XXXX XXXX XXXX XXXX of {$120.00}. They offered a settlement of {$54.00} for this debt which I already settled through XXXX.",,ERC,PA,16507,Servicemember,Consent provided,Web,8/25/2015,Closed with non-monetary relief,TRUE,TRUE,1534786
7/7/2016,Debt collection,Medical,Cont'd attempts collect debt not owed,Debt was paid,,Company believes it acted appropriately as authorized by contract or law,ERC,VA,22842,,Consent not provided,Web,8/9/2016,Closed with non-monetary relief,TRUE,FALSE,2002500
4/28/2022,Debt collection,Other debt,Attempts to collect debt not owed,Debt was paid,"This was a XXXX XXXX bill that I had in XXXX of XXXX. I was billed for this account in XX/XX/XXXX as well and was making monthly payments to keep the bill from going to collections. I continuously paid this bill up until XX/XX/XXXX and that was the last payment I made before XXXX sent this XXXX bill to a collections company called ERC for no reason because a payment was being made faithfully within 30 days each month. ERC is fraudulently reporting the bill started with them XX/XX/XXXX on my XXXX credit report. This is false, the last activity on this XXXX account was XX/XX/XXXX and verified with the original debtor XXXX. They also repeatedly call two to four times per day and I have had to block every number they call from!!!!!!",,ERC,FL,32222.0,Servicemember,Consent provided,Web,4/28/2022,Closed with explanation,TRUE,,5512405
2/10/2017,Debt collection,"Other (i.e. phone, health club, etc.)",Cont'd attempts collect debt not owed,Debt was paid,,Company believes it acted appropriately as authorized by contract or law,ERC,CA,94404,,Consent not provided,Web,2/10/2017,Closed,TRUE,FALSE,2337938
12/29/2017,Debt collection,Other debt,Attempts to collect debt not owed,Debt was paid,"I received a letter from ERC for a settlement amount on a previous debt. I paid the settlement amount in full and by the requested due date. Then a few weeks later, I received another letter requesting additional amount. I am not sure why the amount of this debt continues to change.",Company believes it acted appropriately as authorized by contract or law,ERC,MA,1876.0,,Consent provided,Web,12/29/2017,Closed with explanation,TRUE,,2767595
12/15/2014,Debt collection,I do not know,Cont'd attempts collect debt not owed,Debt was paid,,,ERC,FL,34205,,,Web,12/15/2014,Closed with non-monetary relief,TRUE,TRUE,1156084
11/10/2022,Debt collection,Other debt,Attempts to collect debt not owed,Debt was paid,"I reached out to XXXX on XX/XX/XXXX to inquire about removing an old account from my credit profile. After speaking with the representative via chat, and advising they had this account with a balance due to equipment they failed to accept when I attempted to return. The representative advised they could credit my account for the equipment and would remove from collections. I was advised to wait XXXX weeks. On XX/XX/XXXX, I chatted with another representative to confirm account status. During that chat I specifically asked if they were pulling the credit account from Enhanced Recovery Collections, that representative advised yes and to continue to wait the time period provided. After the XXXX weeks advised passed, I reached out to Enhanced Recovery Collections to inquire if they received notification to remove from my credit profile, they did not have any note on file from XXXX. This interaction occurred on XX/XX/XXXX. After call with collection agency, I went back to chat with XXXX during this conversation he advised no note was placed on my account, and agent was not able to locate information and advised they could not assist. We had the same issue with my husband on they pulled his account from the same collection agency within a week. I have attached copies of chat transcripts and chat IDs to this case along with proof, with approval from my spouse, a copy of his report showing they do in-fact delete from the credit profile.",,ERC,WI,54229.0,,Consent provided,Web,11/10/2022,Closed with explanation,TRUE,,6183628
3/18/2020,Debt collection,Other debt,Attempts to collect debt not owed,Debt was paid,,,ERC,,,,,Phone,3/19/2020,Closed with explanation,TRUE,,3571252
5/1/2017,Debt collection,Other debt,Attempts to collect debt not owed,Debt was paid,,,ERC,MI,49418,,Consent not provided,Web,5/3/2017,Closed with explanation,TRUE,,2473041
5/16/2019,Debt collection,Other debt,Attempts to collect debt not owed,Debt was paid,I owed XXXX a cell phone bill for {$540.00}. I paid the collection agency Enhanced Recovery Co LLC in XXXX FL. I paid the debt in full before the due dates for payment. I was told that with in 30 days they will update as paid in full to the credit reporting agencies. As of the date of this complaint they have yet again verified the debt and are not showing it as paid in full. After I yet again disputed the debt on XX/XX/2019. This debt has been paid in full since XXXX XXXX a full 90 days from the time I paid and they are still validating the debt. I called and asked them to stop validating as it goes against debt collection practices. They only want to argue and refused to remedy the problems. I can submit bank records to prove the debt was indeed paid. As you see on both bank statements ERC from Florida is the collection agency I paid off.,Company believes it acted appropriately as authorized by contract or law,ERC,NV,89509.0,,Consent provided,Web,5/16/2019,Closed with explanation,TRUE,,3243907
2/27/2015,Debt collection,"Other (i.e. phone, health club, etc.)",Cont'd attempts collect debt not owed,Debt was paid,,,ERC,FL,33063,,,Web,3/6/2015,Closed with non-monetary relief,TRUE,TRUE,1260305
6/23/2020,Debt collection,Other debt,Attempts to collect debt not owed,Debt was paid,,,ERC,GA,30096.0,,Consent not provided,Web,6/23/2020,Closed with explanation,TRUE,,3711877
6/27/2020,Debt collection,Other debt,Attempts to collect debt not owed,Debt was paid,"Collection agencies transferring a debt I do not owe and ruining my credit. Their original client XXXX XXXX fraudulently extended a contract after the person had moved to other citty and had returned the equipment. The fees were paid automatically thru a credit card and it was stopped when the person ( my aunt ) due to severe illness was moved from XXXX XXXX to XXXX and later passed away. 

I have extensive correspondence with the collection agency and the credit bureaus but since the deb was transfer to one and another my credit is being impaired. 

I will be glad to supply all the correspondence sustained with all concerned. And like I asked the collection agencies, lets take it to a court of equity and let a judge decide. I think this is the way we settle conflicting matters. In this case I ask for your help to protect my cretit",,ERC,FL,33178.0,,Consent provided,Web,6/27/2020,Closed with explanation,TRUE,,3718634
7/10/2020,Debt collection,Credit card debt,Attempts to collect debt not owed,Debt was paid,"I made a settlement with enhanced recovery company and the issue was resolve, I was told that they would remove it off my credit file but not only am I still receiving calls stating I owe but it has not been removed of any of my files",,ERC,FL,33025.0,,Consent provided,Web,7/10/2020,Closed with non-monetary relief,TRUE,,3739449
10/30/2017,Debt collection,Other debt,Attempts to collect debt not owed,Debt was paid,I have an account that was opened with XXXX on XXXX. I called a representative of diversified consultant on XXXX XXXX to settle this account. The representative that was a man guaranteed me if i settled the account out that he would delete the account from my credit. I payed the account and was sent a letter. After discovering this account was still on my credit report not once but twice from two different companies. I called back to the company and they told me to call the other company because they held the account and they stated they would delete the account once again. When i called the other company they stated they held the account. I have called over and over and this account is not handle and is on my account twice affecting my credit in a bad way. I was promised a deletion but nothing was ever done.,Company believes it acted appropriately as authorized by contract or law,ERC,PA,17111.0,,Consent provided,Web,10/30/2017,Closed with explanation,TRUE,,2716109
1/16/2016,Debt collection,"Other (i.e. phone, health club, etc.)",Cont'd attempts collect debt not owed,Debt was paid,"I had XXXX service bundled with XXXX phone service. When I canceled my account with XXXX they said I owed {$38.00} still for XXXX portion. I initially disputed this as I had paid my XXXX bill separately. XXXX said matter was resolved. 

Many months later, I received harassing phone calls and letters from XXXX XXXX XXXX regarding this supposed debt. In order to get rid of them, I paid {$38.00} to XXXX XXXX XXXX again, and was told that matter was finally resolved. 

Recently, I have been receiving harassing phone calls from ERC regarding this same 'debt ' that I have already paid twice. 

XXXX is harassing me and trying to extort money from me for a debt that has been paid twice. XXXX and ERC are threatening my credit unless I pay them this {$38.00} again. This is harassment and extortion and I want XXXX and their practices investigated. Even after I pay the collection agency of the month, XXXX finds another willing partner to attempt to extort money already paid. Please help.",Company believes it acted appropriately as authorized by contract or law,ERC,PA,18104,,Consent provided,Web,2/9/2016,Closed with non-monetary relief,TRUE,FALSE,1746304
12/2/2015,Debt collection,I do not know,Cont'd attempts collect debt not owed,Debt was paid,"The dispute is with XXXX XXXX XXXX XXXX. I cancelled service with them in 2013 ; the account was paid in full at the time of cancellation. The XXXX technician came to my home, disconnected service and retrieved the equipment. Since then I have been harassed by them with collection calls and have had my non-existent account sent to XXXX collection agencies. I have copies of the communication which I will attach. In a nutshell, I am still being pursued by various collection agencies for this debt.",Company believes it acted appropriately as authorized by contract or law,ERC,CA,94513,Servicemember,Consent provided,Web,12/3/2015,Closed with non-monetary relief,TRUE,FALSE,1680009
6/29/2020,Debt collection,Other debt,Attempts to collect debt not owed,Debt was paid,,,ERC,FL,32746.0,,Consent not provided,Web,6/29/2020,Closed with explanation,TRUE,,3720737
8/12/2016,Debt collection,"Other (i.e. phone, health club, etc.)",Cont'd attempts collect debt not owed,Debt was paid,,Company believes it acted appropriately as authorized by contract or law,ERC,TX,78414,Servicemember,Consent not provided,Web,8/16/2016,Closed with non-monetary relief,TRUE,FALSE,2061807
7/26/2020,Debt collection,Other debt,Attempts to collect debt not owed,Debt was paid,,,ERC,AZ,85201.0,Servicemember,Consent not provided,Web,7/26/2020,Closed with explanation,TRUE,,3764606
4/12/2017,Credit reporting,,Incorrect information on credit report,Account status,,Company believes complaint is the result of an isolated error,ERC,FL,33907,,,Postal mail,4/13/2017,Closed with non-monetary relief,TRUE,FALSE,2431271
11/2/2014,Debt collection,"Other (i.e. phone, health club, etc.)",Cont'd attempts collect debt not owed,Debt is not mine,,,ERC,IN,46234,Older American,,Web,11/2/2014,Closed with non-monetary relief,TRUE,FALSE,1097665
11/24/2013,Debt collection,I do not know,Cont'd attempts collect debt not owed,Debt is not mine,,,ERC,MO,63104,,,Web,11/24/2013,Closed with non-monetary relief,TRUE,TRUE,609661
12/8/2015,Debt collection,I do not know,Cont'd attempts collect debt not owed,Debt is not mine,"We constantly receive voice messages from ERC, early in the morning, late in the evenings, during the weekends, for collecting debts we do not have. 
The voicemail give a reference number and we have been advised not to contact them as they would do anything to make us pay something we do n't owe. We are non-residents in the US and have no credits, no debts anywhere.",Company believes it acted appropriately as authorized by contract or law,ERC,MD,20814,,Consent provided,Web,1/4/2016,Closed with non-monetary relief,TRUE,FALSE,1687460
1/22/2015,Debt collection,I do not know,Cont'd attempts collect debt not owed,Debt is not mine,,,ERC,KY,40353,,,Web,1/22/2015,Closed with explanation,TRUE,FALSE,1204699
8/18/2014,Debt collection,"Other (i.e. phone, health club, etc.)",Cont'd attempts collect debt not owed,Debt is not mine,,,ERC,NV,89031,,,Web,8/20/2014,Closed with non-monetary relief,TRUE,FALSE,988831
7/30/2014,Debt collection,"Other (i.e. phone, health club, etc.)",Cont'd attempts collect debt not owed,Debt is not mine,,,ERC,OH,45503,,,Web,7/30/2014,Closed with non-monetary relief,TRUE,FALSE,959923
3/24/2016,Debt collection,"Other (i.e. phone, health club, etc.)",Cont'd attempts collect debt not owed,Debt is not mine,,Company believes it acted appropriately as authorized by contract or law,ERC,MN,55423,,Consent not provided,Web,3/24/2016,Closed with non-monetary relief,TRUE,FALSE,1849055
4/12/2015,Debt collection,"Other (i.e. phone, health club, etc.)",Cont'd attempts collect debt not owed,Debt is not mine,Enhanced Recovery Company submitted a collection on all XXXX of my credit reports stating I owe {$670.00} from a XXXX Cable/Cellular bill. I knew I did n't owe XXXX anything and called them to verify and they verified I was all clear of any debt. They were not aware of sending anything to ERC as a collection on my account. I have called ERC and they could n't find anything on me with what information I was giving them. Which proves its not me that the debt belongs to. I have disputed it with all credit bureaus and have not heard of anything. I have since applied for credit and have been denied due to Severe delinquency and debt collection on my credit reports. I have always had good payment history never late on my bills. This is affecting my credit score and is becoming a big nucense. I have read other customer complaints dealing with this same issue and it looks like it could be a scam. I am not getting anywhere with the credit bureaus and need this removed from my credit reports. Please help.,,ERC,TX,77571,,Consent provided,Web,4/12/2015,Closed with non-monetary relief,TRUE,FALSE,1326447
3/6/2015,Debt collection,I do not know,Cont'd attempts collect debt not owed,Debt is not mine,,,ERC,TN,37211,,,Web,3/6/2015,Closed with non-monetary relief,TRUE,FALSE,1271990
9/14/2014,Debt collection,"Other (i.e. phone, health club, etc.)",Cont'd attempts collect debt not owed,Debt is not mine,,,ERC,NC,27215,Servicemember,,Web,9/18/2014,Closed with non-monetary relief,TRUE,FALSE,1027932
8/28/2015,Debt collection,"Other (i.e. phone, health club, etc.)",Cont'd attempts collect debt not owed,Debt is not mine,"I get a phone call on my cell phone, almost every other day, from XXXX. My phone only rings once. I 've Googled the number and learned that they are a a debt collector. I have no outstanding debt. I have a credit score of XXXX. 
The XXXX call began XXXX XXXX, 2015. 
I want the calls stopped and any assistance you can provide would be very much appreciated. 
Sincerely, Frustrated",Company can't verify or dispute the facts in the complaint,ERC,IN,47501,,Consent provided,Web,9/4/2015,Closed with explanation,TRUE,FALSE,1541991
5/28/2015,Debt collection,"Other (i.e. phone, health club, etc.)",Cont'd attempts collect debt not owed,Debt is not mine,"XXXX is charging for equipment which was picked up at the time of disconnection. The equipment was handed over to the technician. I have continuously disputed this on many occassions, yet they continue to report this debt. I have asked for the debt collection company to request proof, yet they do not send me anything. I am furious because they are allowed to report this debt, yet are not able to provide any proof as I have requested previously. I want to file a complaint against Enhanced Recovery company and XXXX as well.",Company believes it acted appropriately as authorized by contract or law,ERC,FL,33018,,Consent provided,Web,6/1/2015,Closed with non-monetary relief,TRUE,FALSE,1396114
4/15/2015,Debt collection,"Other (i.e. phone, health club, etc.)",Cont'd attempts collect debt not owed,Debt is not mine,"received collections notice that company was collecting a debt for XXXX XXXX XXXX, offering me XXXX payment options, none of which equaled the amount I "" owed ''. i called XXXX XXXX XXXX and verified that my account was completely up to date.",,ERC,NV,89408,,Consent provided,Web,4/16/2015,Closed with non-monetary relief,TRUE,FALSE,1330522
2/18/2015,Debt collection,I do not know,Cont'd attempts collect debt not owed,Debt is not mine,,,ERC,VA,24018,"Older American, Servicemember",,Web,2/18/2015,Closed with explanation,TRUE,FALSE,1245558
4/7/2017,Debt collection,"Other (i.e. phone, health club, etc.)",Cont'd attempts collect debt not owed,Debt is not mine,"On Friday, XX/XX/2017 I just received in the U.S. mail my annual "" FREE '' copy of my "" XXXX '' per my Due Process rights under the "" Federal Fair Credit Act. '' Under the "" Collection Agency Information '' there is a false collection debt entry by a "" ERC ; XXXX, Florida ; XXXX ; ( XXXX ) XXXX. '' It also falsely noted : "" Collection Reported XXXX '' for "" XXXX '' for "" $ XXXX. '' NOTE : This is the 3rd time that this "" ERC '' collection agency has unlawfully noted this false debt collection onto my "" XXXX '' without ever having contacted me in the last 2 years. I called them up on their toll free number ( XXXX ) XXXX and politely explained the facts. Their only telephonic response was "" Pay the XXXX the {$760.00}, XXXX and we 'll delete it off your XXXX credit file. '' I explained to them again that I 've had "" XXXX '' for over XXXX consecutive years and NEVER XXXX That this debt is NOT mine and that I 'm a victim of Identity Theft. '' They then just rudely hung up on me.",Company believes it acted appropriately as authorized by contract or law,ERC,CA,91764.0,,Consent provided,Web,4/10/2017,Closed,TRUE,FALSE,2424563
7/1/2014,Debt collection,"Other (i.e. phone, health club, etc.)",Cont'd attempts collect debt not owed,Debt is not mine,,,ERC,KY,40216,,,Web,7/1/2014,Closed with non-monetary relief,TRUE,TRUE,919012
5/18/2016,Debt collection,"Other (i.e. phone, health club, etc.)",Cont'd attempts collect debt not owed,Debt is not mine,,Company believes it acted appropriately as authorized by contract or law,ERC,CA,90057.0,Older American,,Phone,5/18/2016,Closed with non-monetary relief,TRUE,FALSE,1930383
4/27/2015,Debt collection,"Other (i.e. phone, health club, etc.)",Cont'd attempts collect debt not owed,Debt is not mine,"I have been monitoring my credit report and scores continuously for the last two years. I noticed in XX/XX/XXXX that XXXX accounts XXXX under ENHANCED RECOVERY COMPANY ( XXXX from XXXX XXXX XXXX and the other from XXXX XXXX ) were on all XXXX of my credit report in collection status. This has dramatically declined my credit, so I started to investigate these alleged accounts. They claim the first account XXXX XXXX XXXX XXXX ) was placed for collecton on XX/XX/XXXX. They claim the second account ( XXXX XXXX ) was placed for collection on XX/XX/XXXX. I have lived with relatives, and have NOT opened any cable/cellular accounts in over 7 years. So I started the dispute process with all the credit bureaus.I disputed in XX/XX/XXXX, no changes were made. I disputed again, I got the next results on XX/XX/XXXX, still ENHANCED RECOVERY COMPANY did not remove or validate these alleged accounts The only change made was the DATE UPDATED date was updated to the day they received the dispute. Next I started working with a credit repair company, they sent out another round of disputes, I recieved the dispute results on XX/XX/XXXX. Unfortunately, ENHANCED RECOVERY COMPANY still did not validate the accounts or remove them and no changes were made. Now I am taking it a step farther. I am sending a certified debt validation letter to their company, of which I will keep the receipt. I will also be attaching the debt validation letter, and also the copies of the dispute investigation results over the past few months. I have also contacted the XXXX and your organization as of now. Please assist me with this matter. Thank you for your time.",,ERC,TN,37355,,Consent provided,Web,5/1/2015,Closed with non-monetary relief,TRUE,TRUE,1349309
12/31/2014,Debt collection,I do not know,Cont'd attempts collect debt not owed,Debt is not mine,,,ERC,TX,77068,,,Web,12/31/2014,Closed with non-monetary relief,TRUE,FALSE,1177164
11/21/2014,Debt collection,"Other (i.e. phone, health club, etc.)",Cont'd attempts collect debt not owed,Debt is not mine,,,ERC,FL,33134,,,Web,11/21/2014,Closed with non-monetary relief,TRUE,FALSE,1124996
3/10/2014,Debt collection,"Other (i.e. phone, health club, etc.)",Cont'd attempts collect debt not owed,Debt is not mine,,,ERC,TX,78046,,,Web,3/10/2014,Closed with non-monetary relief,TRUE,FALSE,752353
5/17/2015,Debt collection,"Other (i.e. phone, health club, etc.)",Cont'd attempts collect debt not owed,Debt is not mine,I am getting letters from Enhanced Recovery Company saying I owe {$86000.00} to XXXX. I am now getting phone calls about this. I have never had XXXX and it 's not anywhere in my area.,,ERC,TX,76036,,Consent provided,Web,5/17/2015,Closed with non-monetary relief,TRUE,FALSE,1379564
10/31/2016,Debt collection,"Other (i.e. phone, health club, etc.)",Cont'd attempts collect debt not owed,Debt is not mine,For the last 12 months XXXX has been selling this account to various collection agencies. XXXX of them to be exact. I do not owe XXXX anything. I had service with them and I paid my bill then closed my account. I then had service with another company. XXXX came and picked up the equipment and gave me a receipt. First XXXX claimed that I owed the amount for the equipment then I produced the the receipt. For the past 12 months they claim its for service. I produced the bill for the new cable company with the installation date on it. With each collection agency they change the XXXX account number but the amount is the same {$1400.00}. The last agency added XXXX cents. It has been added to my credit report at least 5-7 times. This harassment has to stop. I ended my service with XXXX XX/XX/2014. No early termination fees. No last bill. My balance was {$0.00} before I disconnected my service.,Company believes it acted appropriately as authorized by contract or law,ERC,FL,32796,,Consent provided,Web,10/31/2016,Closed with non-monetary relief,TRUE,FALSE,2186915
2/11/2016,Debt collection,"Other (i.e. phone, health club, etc.)",Cont'd attempts collect debt not owed,Debt is not mine,,Company believes it acted appropriately as authorized by contract or law,ERC,MS,38671,,Consent not provided,Web,2/22/2016,Closed with non-monetary relief,TRUE,FALSE,1783683
3/21/2017,Debt collection,"Other (i.e. phone, health club, etc.)",Cont'd attempts collect debt not owed,Debt is not mine,XXXX has put me in collection for a debt that I do not owe. They have never sent any outstanding balance info and never contacted me once about any unpaid debts. I do not have an account with Enhanced Recovery Corp and do not owe them any money.,Company believes it acted appropriately as authorized by contract or law,ERC,LA,70121,,Consent provided,Web,3/21/2017,Closed with non-monetary relief,TRUE,FALSE,2394762
12/14/2016,Debt collection,"Other (i.e. phone, health club, etc.)",Cont'd attempts collect debt not owed,Debt is not mine,This is not my account. I am on my parents account for cell phone service.,,ERC,FL,32822,,Consent provided,Web,12/14/2016,Closed with non-monetary relief,TRUE,TRUE,2249466
6/6/2015,Debt collection,"Other (i.e. phone, health club, etc.)",Cont'd attempts collect debt not owed,Debt is not mine,"This debt is not known to me. I recently requested my XXXX Credit reports to access my credit history in order to establish why my attempts to acquire credit results in a denial. I have always made it a duty to diligently address any issues before it became a collection and have not opened any new accounts in the past ( XXXX ) years. I request full validation from the crediting or reporting company. This request is for more than just a simple statement without detail. Rather, I must requisition a careful documentation, including statements, contracts, copies of checks, and any other pertinent information.",Company believes it acted appropriately as authorized by contract or law,ERC,FL,33312,,Consent provided,Web,6/6/2015,Closed with non-monetary relief,TRUE,TRUE,1409368
8/24/2015,Debt collection,"Other (i.e. phone, health club, etc.)",Cont'd attempts collect debt not owed,Debt is not mine,"On XXXX XXXX, 2015 I mailed a letter requesting Enhanced Recovery forward proof that this debt belongs to me. 

On today XXXX XXXX, 2015 Enhanced Recovery still has not responded to my request. 

According to my rights under the Fair Credit Reporting Act Enhanced recovery had 30 days to respond to my request, however they did not.",Company believes it acted appropriately as authorized by contract or law,ERC,MI,48152,,Consent provided,Web,8/24/2015,Closed with non-monetary relief,TRUE,FALSE,1534020
6/10/2015,Debt collection,"Other (i.e. phone, health club, etc.)",Cont'd attempts collect debt not owed,Debt is not mine,,Company believes it acted appropriately as authorized by contract or law,ERC,FL,32904,,Consent not provided,Web,6/10/2015,Closed with non-monetary relief,TRUE,TRUE,1414101
1/14/2015,Debt collection,"Other (i.e. phone, health club, etc.)",Cont'd attempts collect debt not owed,Debt is not mine,,,ERC,TX,75001.0,,,Web,1/20/2015,Closed with non-monetary relief,TRUE,TRUE,1193535
10/21/2013,Debt collection,"Other (i.e. phone, health club, etc.)",Cont'd attempts collect debt not owed,Debt is not mine,,,ERC,NY,11369.0,,,Web,10/21/2013,Closed with non-monetary relief,TRUE,FALSE,564503
6/13/2015,Debt collection,"Other (i.e. phone, health club, etc.)",Cont'd attempts collect debt not owed,Debt is not mine,,Company believes it acted appropriately as authorized by contract or law,ERC,AZ,85250,,Consent not provided,Web,6/17/2015,Closed with non-monetary relief,TRUE,FALSE,1420230
4/16/2015,Debt collection,I do not know,Cont'd attempts collect debt not owed,Debt is not mine,"On XXXX, XXXX XXXX, 2015 at XXXX EDT, a debt collection agency called Enhanced Recovery Company ( ERC ), based out of XXXX XXXX Florida , XXXX tried to contact me with a robocall. The robocall did not address me by name and instead gave me a XXXX number to call and also gave me a XXXX-digit reference number. I did not have a pen handy and the information was given only XXXX before disconnecting. I checked my caller ID and it said "" private number, '' so I had no one to call back and did nothing at the time. I received a XXXX robocall from ERC on XXXX, XXXX XXXX, 2015 at XXXX EDT, this time the XXXX appeared on my caller ID. I was told to call XXXX and given a XXXX-digit reference number. I called the number demanding to know why they 're calling me since I know I do n't owe anybody anything. They asked me if my name was the person they 're trying to collect a debt from. I said no and that I did n't know this person. They apologized and promised to remove my home land line number from their list so presumably they wo n't call me again.",,ERC,CA,92626,,Consent provided,Web,4/16/2015,Closed with non-monetary relief,TRUE,FALSE,1332421
5/25/2016,Debt collection,"Other (i.e. phone, health club, etc.)",Cont'd attempts collect debt not owed,Debt is not mine,,Company believes it acted appropriately as authorized by contract or law,ERC,TX,78201.0,,Consent not provided,Web,5/25/2016,Closed with non-monetary relief,TRUE,FALSE,1941571
8/14/2013,Debt collection,"Other (i.e. phone, health club, etc.)",Cont'd attempts collect debt not owed,Debt is not mine,,,ERC,CA,93727,"Older American, Servicemember",,Phone,8/15/2013,Closed with non-monetary relief,TRUE,FALSE,489608
4/29/2015,Debt collection,"Other (i.e. phone, health club, etc.)",Cont'd attempts collect debt not owed,Debt is not mine,Enhanced Recovery Corp is reporting XXXX accounts on my credit report that do not belong to me. I have disputed these items several times. I have submitted fraud affidavits. In dealing with other companies I became aware that I must have been the victim of identity theft. A look-up of my names generates several different name and social security number combinations. I am requesting that Enhanced Recovery Corp delete accounts XXXX for {$1500.00} and XXXX for {$200.00} from my credit reports with all of the national credit reporting agencies. I would like this company to also cease all contact with me regarding these accounts that do not belong to me.,Company believes it acted appropriately as authorized by contract or law,ERC,VA,24506,,Consent provided,Web,5/5/2015,Closed with non-monetary relief,TRUE,FALSE,1351937
2/12/2014,Debt collection,"Other (i.e. phone, health club, etc.)",Cont'd attempts collect debt not owed,Debt is not mine,,,ERC,CA,94582,,,Web,2/11/2014,Closed with non-monetary relief,TRUE,FALSE,711709
10/20/2016,Debt collection,"Other (i.e. phone, health club, etc.)",Cont'd attempts collect debt not owed,Debt is not mine,,Company believes it acted appropriately as authorized by contract or law,ERC,MA,01801,,Consent not provided,Web,10/22/2016,Closed with non-monetary relief,TRUE,TRUE,2168549
3/9/2015,Debt collection,"Other (i.e. phone, health club, etc.)",Cont'd attempts collect debt not owed,Debt is not mine,,,ERC,AR,72704,,,Web,3/9/2015,Closed with non-monetary relief,TRUE,FALSE,1273924
9/20/2016,Debt collection,I do not know,Cont'd attempts collect debt not owed,Debt is not mine,,Company believes it acted appropriately as authorized by contract or law,ERC,AZ,85706,,,Phone,9/21/2016,Closed with non-monetary relief,TRUE,FALSE,2119516
10/27/2015,Debt collection,"Other (i.e. phone, health club, etc.)",Cont'd attempts collect debt not owed,Debt is not mine,,Company can't verify or dispute the facts in the complaint,ERC,OR,97540,,Consent not provided,Web,10/30/2015,Closed with explanation,TRUE,FALSE,1627199
6/24/2015,Debt collection,I do not know,Cont'd attempts collect debt not owed,Debt is not mine,"This company continues to report on my credit report after I sent them a letter telling them that this account was not mine and I have no idea what it is or who it belongs to! 

I asked for proof of a signed contract, I asked for a license to collect in my state, I asked for copies of all information referenced for this debt and still to date, I have not received anything but harassment from this company! 

THIS IS NOT MY DEBT! 

I WANT THIS ACCOUNT REMOVED FROM MY CREDIT REPORT AND THIS COMPANY TO STOP CONTACTING ME IMMEDIATELY!",Company believes it acted appropriately as authorized by contract or law,ERC,TX,77388,,Consent provided,Web,6/24/2015,Closed with non-monetary relief,TRUE,FALSE,1436131
12/30/2014,Debt collection,"Other (i.e. phone, health club, etc.)",Cont'd attempts collect debt not owed,Debt is not mine,,,ERC,TN,37013,,,Web,12/30/2014,Closed with non-monetary relief,TRUE,TRUE,1174908
6/2/2014,Debt collection,I do not know,Cont'd attempts collect debt not owed,Debt is not mine,,,ERC,CA,94043,,,Phone,6/5/2014,Closed with non-monetary relief,TRUE,TRUE,877448
4/9/2015,Debt collection,"Other (i.e. phone, health club, etc.)",Cont'd attempts collect debt not owed,Debt is not mine,,Company believes it acted appropriately as authorized by contract or law,ERC,OH,45014,,,Phone,4/13/2015,Closed with non-monetary relief,TRUE,FALSE,1322946
2/5/2015,Debt collection,I do not know,Cont'd attempts collect debt not owed,Debt is not mine,,,ERC,CA,94954,,,Web,2/6/2015,Closed with non-monetary relief,TRUE,FALSE,1226911
1/22/2015,Debt collection,"Other (i.e. phone, health club, etc.)",Cont'd attempts collect debt not owed,Debt is not mine,,,ERC,TX,75203,,,Web,1/22/2015,Closed with non-monetary relief,TRUE,TRUE,1205084
2/12/2015,Debt collection,"Other (i.e. phone, health club, etc.)",Cont'd attempts collect debt not owed,Debt is not mine,,,ERC,VA,22180,Older American,,Phone,2/13/2015,Closed with non-monetary relief,TRUE,FALSE,1237102
1/12/2016,Debt collection,"Other (i.e. phone, health club, etc.)",Cont'd attempts collect debt not owed,Debt is not mine,"i had an account with XXXX I opened with my daughter in XX/XX/XXXX. I purchased XXXX phones. In XX/XX/XXXX, I paid off the phones and cancelled my service and left my daughter on the T-mobile account. She was paying the bill. The bills were forwarded to HER home in N.C. and she was paying them. Around XX/XX/XXXX, my daughter purchased a 2 YEAR contract w/an XXXX. I was contacted when she wanted to purchase the XXXX and I told XXXX I was no longer the owner of the account again. They again removed me from the account, approved my daughter for the XXXX and I thought that was the end of it. Then I stopped receiving my mail all together, and discovered a change of address had been put in for me so I called the Post Office and had my mail switched back to my home and I discovered XXXX was charging me for 'something ', so I called and told them I did n't have an account. They said they fix it and again I thought they 'd figure it out. I confirmed with my daughter that she was paying her bill because I continued to get bills saying my account was over due, but she assured me she was paying, so I ignored it, and figured we were just being double billed. Finally in XX/XX/XXXX I received a collection notice, when I called I was told it was for an XXXX. It turns out that XXXX was billing me for her XXXX and billing my daughter only for phone service. They were trying to hold me accountable for her purchasing the phone but were billing her for the monthly service. I called several times with my contract showing I never authorized anyone other than myself to purchase or use my account. While this point is moot as I cancelled my account in XX/XX/XXXX. There are numerous calls from me cancelling the account, and my daughter opening an account. The account my daughter opened was a special account that allowed for a two year contract with the purchase of an iphone. XXXX used my credit to give her an XXXX. I spoke with several representative there, and my daughter does n't have a problem paying for the XXXX under the terms she thought she was agreeing to, i..e a two year plan which included the price of an XXXX. I am not responsible. Further I should n't be in collections. I called this evening after having been promised that I would be removed from collections, the outstanding balance would be transferred back to my daughter 's account, she could pay over the term of her contract as it was stated and that my credit report would be corrected. Now, I 'm being told by XXXX that they ca n't do it. It 's been too long they are n't resposible.",Company believes it acted appropriately as authorized by contract or law,ERC,MD,20746,,Consent provided,Web,1/12/2016,Closed with non-monetary relief,TRUE,FALSE,1735800
2/18/2014,Debt collection,"Other (i.e. phone, health club, etc.)",Cont'd attempts collect debt not owed,Debt is not mine,,,ERC,CA,93306.0,,,Web,2/19/2014,Closed with non-monetary relief,TRUE,FALSE,718957
4/21/2014,Debt collection,I do not know,Cont'd attempts collect debt not owed,Debt is not mine,,,ERC,CO,80247.0,,,Web,5/23/2014,Closed with non-monetary relief,TRUE,FALSE,817292
12/7/2013,Debt collection,"Other (i.e. phone, health club, etc.)",Cont'd attempts collect debt not owed,Debt is not mine,,,ERC,WA,98403,,,Web,12/6/2013,Closed with non-monetary relief,TRUE,FALSE,625292
7/9/2015,Debt collection,I do not know,Cont'd attempts collect debt not owed,Debt is not mine,,Company believes it acted appropriately as authorized by contract or law,ERC,FL,33334,,Consent not provided,Web,7/9/2015,Closed with non-monetary relief,TRUE,TRUE,1458985
9/8/2014,Debt collection,"Other (i.e. phone, health club, etc.)",Cont'd attempts collect debt not owed,Debt is not mine,,,ERC,CA,92009,,,Web,9/8/2014,Closed with non-monetary relief,TRUE,FALSE,1017924
10/4/2014,Debt collection,"Other (i.e. phone, health club, etc.)",Cont'd attempts collect debt not owed,Debt is not mine,,,ERC,FL,32826,,,Web,10/9/2014,Closed with non-monetary relief,TRUE,FALSE,1058274
2/17/2015,Debt collection,"Other (i.e. phone, health club, etc.)",Cont'd attempts collect debt not owed,Debt is not mine,,,ERC,CA,95825.0,,,Web,2/18/2015,Closed with non-monetary relief,TRUE,TRUE,1242166
7/26/2014,Debt collection,"Other (i.e. phone, health club, etc.)",Cont'd attempts collect debt not owed,Debt is not mine,,,ERC,PR,00911,,,Web,7/30/2014,Closed with non-monetary relief,TRUE,FALSE,955690
2/11/2015,Debt collection,"Other (i.e. phone, health club, etc.)",Cont'd attempts collect debt not owed,Debt is not mine,,,ERC,IN,46060,,,Web,2/11/2015,Closed with non-monetary relief,TRUE,FALSE,1236525
10/5/2016,Debt collection,I do not know,Cont'd attempts collect debt not owed,Debt is not mine,I keep on getting calls from EHANCED RECOVERY COMPANY i do not know what debt they are trying to collect,Company believes it acted appropriately as authorized by contract or law,ERC,MI,48180,,Consent provided,Web,11/14/2016,Closed with non-monetary relief,TRUE,FALSE,2147075
6/27/2016,Debt collection,"Other (i.e. phone, health club, etc.)",Cont'd attempts collect debt not owed,Debt is not mine,,Company believes it acted appropriately as authorized by contract or law,ERC,TX,77489,Servicemember,Consent not provided,Web,6/28/2016,Closed with non-monetary relief,TRUE,FALSE,1987220
1/6/2016,Debt collection,"Other (i.e. phone, health club, etc.)",Cont'd attempts collect debt not owed,Debt is not mine,I received a letter from this company demanding payment for a debt that is not mine. This is the XXXX debt collector that has sent me a demand for payment concerning this alleged account,Company believes it acted appropriately as authorized by contract or law,ERC,TN,37013,,Consent provided,Web,1/6/2016,Closed with non-monetary relief,TRUE,FALSE,1729116
1/3/2017,Debt collection,"Other (i.e. phone, health club, etc.)",Cont'd attempts collect debt not owed,Debt is not mine,"XXXX Attention : XXXX XXXX XXXX XXXX XXXX XXXX XXXX, XXXX XXXX Re. : XXXX Dispute # XXXX Please note that this is in reference to account number XXXX pertaining to then phone XXXX for XXXX XXXX XXXX, XXXX XXXX, XXXX XXXX XXXX XXXX. As you will see from the documents enclosed I was incarcerated on XXXX XXXX, XXXX, at approximately XXXX and was not released until XXXX XXXX, XXXX. I am therefore rightfully disputing the {$600.00} XXXX claims that I owe them from billing for their services since just prior to my incarceration date I had already paid my last bill. I was not free in society to have been able to utilize XXXX 's services beyond then and I should not have been continued to be billed after the first payment beyond XXXX XXXX, XXXX, failed to be paid by me due to being incarcerated. 
I also want this erroneous debt claimed to be owed removed by XXXX from my Credit Reports. Although the erred referenced had been previously taken out from my Credit Reports upon XXXX having been notified of their error soon as I was released, recently on XXXX XXXX, XXXX, for some reason it was placed back on there and fraudulently claimed that it was a debt as of XXXX XXXX, XXXX. Despite this debt claimed being over almost six years olds well. 
I previously wrote about this matter after being released and learning of the above but have yet to hear anything, nor was I called regarding the investigation of this Dispute although I was told that I would be before any decision would be had. 
In sum, your time and expedient help in the resolution of this matter will be greatly appreciated. 
Cordially, XXXX XXXX",Company believes it acted appropriately as authorized by contract or law,ERC,NY,10465,,Consent provided,Web,1/3/2017,Closed,TRUE,TRUE,2271075
4/1/2015,Debt collection,"Other (i.e. phone, health club, etc.)",Cont'd attempts collect debt not owed,Debt is not mine,,,ERC,OH,45102,,Consent not provided,Web,4/1/2015,Closed with non-monetary relief,TRUE,TRUE,1311288
4/30/2014,Debt collection,"Other (i.e. phone, health club, etc.)",Cont'd attempts collect debt not owed,Debt is not mine,,,ERC,GA,30106,,,Phone,5/7/2014,Closed with non-monetary relief,TRUE,FALSE,832980
4/8/2016,Debt collection,"Other (i.e. phone, health club, etc.)",Cont'd attempts collect debt not owed,Debt is not mine,,Company believes it acted appropriately as authorized by contract or law,ERC,CA,91778,,Consent not provided,Web,4/8/2016,Closed with non-monetary relief,TRUE,FALSE,1871421
2/3/2015,Debt collection,"Other (i.e. phone, health club, etc.)",Cont'd attempts collect debt not owed,Debt is not mine,,,ERC,MA,02341,,,Web,2/3/2015,Closed with non-monetary relief,TRUE,TRUE,1221952
10/8/2014,Debt collection,I do not know,Cont'd attempts collect debt not owed,Debt is not mine,,,ERC,FL,33928,Servicemember,,Web,10/8/2014,Closed with non-monetary relief,TRUE,FALSE,1063185
3/18/2015,Debt collection,I do not know,Cont'd attempts collect debt not owed,Debt is not mine,,,ERC,TN,37387,,,Web,3/18/2015,Closed with non-monetary relief,TRUE,FALSE,1288069
3/7/2017,Debt collection,"Other (i.e. phone, health club, etc.)",Cont'd attempts collect debt not owed,Debt is not mine,,Company believes it acted appropriately as authorized by contract or law,ERC,OH,43110,,Consent not provided,Web,3/7/2017,Closed with explanation,TRUE,FALSE,2375533
7/24/2015,Debt collection,"Other (i.e. phone, health club, etc.)",Cont'd attempts collect debt not owed,Debt is not mine,,Company believes complaint caused principally by actions of third party outside the control or direction of the company,ERC,,,,Consent not provided,Web,7/30/2015,Closed with non-monetary relief,TRUE,TRUE,1486290
3/24/2015,Debt collection,I do not know,Cont'd attempts collect debt not owed,Debt is not mine,"Collections Show All Dispute Options A collection is an account that has been turned over to a collection agency by one of your creditors because they believe the account has not been paid as agreed. ENHANCED RECOVERY COMPANY Dispute Item Agency Address : XXXX XXXX XXXX XXXX, FL XXXX ( XXXX ) XXXX Date Reported : XXXX Date Assigned : XXXX Creditor Classification : Cable/Cellular Creditor Name : XXXX Account Number : XXXX Account Owner : Individual Account. Original Amount Owned : {$400.00} Date of XXXX XXXX Delinquency : XXXX Balance Date : XXXX Balance Owned : {$400.00} Last Payment Date : Status Date : XXXX Status : D - Unpaid Comments : N/A Continue Dispute Summary XXXX XXXX XXXX for : XXXX XXXX As of Date : XX/XX/XXXX Personal Information Accounts Negative Information Inquiries Copyright ( C ) XX/XX/XXXX XXXX XXXX",,ERC,CA,95621,,Consent provided,Web,3/25/2015,Closed with non-monetary relief,TRUE,FALSE,1297267
1/24/2015,Debt collection,"Other (i.e. phone, health club, etc.)",Cont'd attempts collect debt not owed,Debt is not mine,,,ERC,VA,20190,,,Web,1/24/2015,Closed with non-monetary relief,TRUE,TRUE,1208080
9/10/2015,Debt collection,I do not know,Cont'd attempts collect debt not owed,Debt is not mine,I saw an open account on my credit that does not belong to me not even sure what it is.,Company believes it acted appropriately as authorized by contract or law,ERC,MA,01118,,Consent provided,Web,9/25/2015,Closed with non-monetary relief,TRUE,FALSE,1558752
10/13/2016,Debt collection,"Other (i.e. phone, health club, etc.)",Cont'd attempts collect debt not owed,Debt is not mine,,Company believes it acted appropriately as authorized by contract or law,ERC,GA,30349,,Consent not provided,Web,10/13/2016,Closed with non-monetary relief,TRUE,FALSE,2157904
6/6/2016,Debt collection,"Other (i.e. phone, health club, etc.)",Cont'd attempts collect debt not owed,Debt is not mine,,Company believes it acted appropriately as authorized by contract or law,ERC,TX,77070,,Consent not provided,Web,6/6/2016,Closed with non-monetary relief,TRUE,FALSE,1955670
12/4/2014,Debt collection,"Other (i.e. phone, health club, etc.)",Cont'd attempts collect debt not owed,Debt is not mine,,,ERC,MI,48317,Older American,,Web,12/8/2014,Closed with non-monetary relief,TRUE,FALSE,1142487
10/26/2016,Debt collection,"Other (i.e. phone, health club, etc.)",Cont'd attempts collect debt not owed,Debt is not mine,,Company believes it acted appropriately as authorized by contract or law,ERC,IL,62221,,Consent not provided,Web,10/26/2016,Closed with non-monetary relief,TRUE,FALSE,2180974
8/2/2016,Debt collection,"Other (i.e. phone, health club, etc.)",Cont'd attempts collect debt not owed,Debt is not mine,"We received a bill from "" ERC '' ( the only identification on the bill, no other heading on the bill ) collecting on a bill from XXXX XXXX XXXX ( XXXX ). We have lived in the same house for over 30 years and have never had XXXX. The bill was for {$190.00} Called ERC, they referred me to XXXX. Quite clearly through the conversation with XXXX, this account was not associated with us, except that the first and last name of the delinquent consumer was the same as my husband. XXXX told me that I needed to file an identity theft report with the police and a notarized affidavit regarding not receiving services. In other words, a half day 's work. The entity that had stolen my husband 's identity in this scenario was ERC. 

While on hold, I googled the name and found an obituary for someone with the same first and last named in the correct city where the service was provided ( which the XXXX rep has disclosed ). 

ERCs apparent practice is to mail a bill to someone with the same name as the delinquent account in hopes that they will simply pay the bill. To me, this seems the same as "" phishing '' using the USPS rather than the internet. It seems like fraud to me.",Company believes it acted appropriately as authorized by contract or law,ERC,CA,90266,,Consent provided,Web,8/2/2016,Closed,TRUE,FALSE,2040241
3/23/2015,Debt collection,"Other (i.e. phone, health club, etc.)",Cont'd attempts collect debt not owed,Debt is not mine,I did not open a XXXX account back in 2013 like its showing on my credit history. Nor have i had a XXXX account in the past 7 years.,Company believes it acted appropriately as authorized by contract or law,ERC,FL,34678,,Consent provided,Web,4/15/2015,Closed with non-monetary relief,TRUE,FALSE,1295307
2/1/2015,Debt collection,"Other (i.e. phone, health club, etc.)",Cont'd attempts collect debt not owed,Debt is not mine,,,ERC,CA,95136,,,Web,2/1/2015,Closed with non-monetary relief,TRUE,FALSE,1219743
10/3/2016,Debt collection,"Other (i.e. phone, health club, etc.)",Cont'd attempts collect debt not owed,Debt is not mine,"Upon review of my credit report from XXXX I noticed a collection account from Enhanced Recovery Co XXXX stating an amount of {$360.00} is owed. After contacting the listed bureaus I was informed to contact the reporting agency. Enhanced Recovery Co XXXX was contacted via certified mail requesting validity of this account. XXXX XXXX validation letter was signed and delivered on XXXX XXXX, 2016. Enhanced Recovery Co XXXX has yet to respond with proper documents bearing my signature. I have contract with this company nor the company they are representing. I request this collection is DELETED and REMOVED from all reporting credit bureaus.",Company believes it acted appropriately as authorized by contract or law,ERC,GA,30080,,Consent provided,Web,10/3/2016,Closed with non-monetary relief,TRUE,FALSE,2143786
7/25/2015,Debt collection,I do not know,Cont'd attempts collect debt not owed,Debt is not mine,Enhanced Recovery continued to report an false claim on my credit files. The debt is not mind,Company believes it acted appropriately as authorized by contract or law,ERC,MD,20706,,Consent provided,Web,7/25/2015,Closed with non-monetary relief,TRUE,FALSE,1486918
4/8/2015,Debt collection,"Other (i.e. phone, health club, etc.)",Cont'd attempts collect debt not owed,Debt is not mine,,,ERC,IN,38016.0,,Consent not provided,Web,4/8/2015,Closed with non-monetary relief,TRUE,FALSE,1321720
3/13/2017,Debt collection,"Other (i.e. phone, health club, etc.)",Cont'd attempts collect debt not owed,Debt is not mine,,Company believes it acted appropriately as authorized by contract or law,ERC,GA,30045,,Consent not provided,Web,3/15/2017,Closed,TRUE,TRUE,2383393
2/21/2017,Debt collection,"Other (i.e. phone, health club, etc.)",Cont'd attempts collect debt not owed,Debt is not mine,,Company believes it acted appropriately as authorized by contract or law,ERC,OH,45419,Servicemember,Consent not provided,Web,2/21/2017,Closed,TRUE,FALSE,2354726
7/19/2016,Debt collection,"Other (i.e. phone, health club, etc.)",Cont'd attempts collect debt not owed,Debt is not mine,"The debt has been addressed, discussed, settled and disputed with client and XXXX other collection agencies. It is agreed that debt should no longer be collected for reasons stated previously. 

Dispute of Reference No. XXXX | Client Acct # XXXX Enhanced Recovery Company, XXXX XXXX XXXX XXXX XXXX, FL XXXX ( XXXX ) XXXX",Company believes it acted appropriately as authorized by contract or law,ERC,PA,19403,,Consent provided,Web,7/20/2016,Closed with non-monetary relief,TRUE,TRUE,2018587
7/29/2015,Debt collection,"Other (i.e. phone, health club, etc.)",Cont'd attempts collect debt not owed,Debt is not mine,"On XXXX XXXX, 2015 I received a notice in the mail from Enhanced Recovery Company , LLC stating that they were collecting a balance of {$710.00} that I owed on a XXXX account. I called this company at XXXX and spoke to XXXX XXXX, who verified my demographic information and social security number. I told her that I never had a XXXX account. She then told me I needed to complete a fraud package which she mailed to me. I went to the police to file a report on this. The PA state police called XXXX and verified that I never had a XXXX account. The Officer informed me that this collection agency is a fraud as the XXXX logo on the paperwork they sent me was counterfeit. I was advised to report this incident to FTC who referred me to this web site.",Company believes the complaint is the result of a misunderstanding,ERC,PA,18092,,Consent provided,Web,7/29/2015,Closed with non-monetary relief,TRUE,FALSE,1492860
12/1/2015,Debt collection,"Other (i.e. phone, health club, etc.)",Cont'd attempts collect debt not owed,Debt is not mine,,Company believes it acted appropriately as authorized by contract or law,ERC,MD,20746,Servicemember,Consent not provided,Web,12/1/2015,Closed with non-monetary relief,TRUE,FALSE,1678497
12/4/2014,Debt collection,"Other (i.e. phone, health club, etc.)",Cont'd attempts collect debt not owed,Debt is not mine,,,ERC,TX,78210,,,Web,12/4/2014,Closed with non-monetary relief,TRUE,FALSE,1142685
6/12/2020,Debt collection,I do not know,Attempts to collect debt not owed,Debt is not yours,,,ERC,CA,90805.0,,Consent not provided,Web,6/12/2020,Closed with explanation,TRUE,,3695934
9/14/2017,Debt collection,Other debt,Attempts to collect debt not owed,Debt is not yours,"Spoke with rep in regards to this account ask for "" FULL VALIDATION '' COPY OF ORIGINAL CONTRACTS NO REPONSE. STILL RECIEVE PHONE CALLS.",Company believes it acted appropriately as authorized by contract or law,ERC,IL,62034.0,,Consent provided,Web,9/14/2017,Closed with explanation,TRUE,,2673720
8/1/2022,Debt collection,I do not know,Attempts to collect debt not owed,Debt is not yours,,,ERC,WA,98012,,Consent not provided,Web,8/1/2022,Closed with explanation,TRUE,,5832198
3/3/2023,Debt collection,I do not know,Attempts to collect debt not owed,Debt is not yours,,,ERC,FL,33308.0,,,Web,3/3/2023,Closed with explanation,TRUE,,6637611
7/8/2021,Debt collection,Other debt,Attempts to collect debt not owed,Debt is not yours,"I recently pulled my credit report and noticed an inquiry on my report without my permissible use. According to the FCRA and the FDCPA, it should be removed. However, I have sent in continuous dispute letters obtaining all information needed to remove this inquiry. This inquiry is affecting my chances of establishing a great history with the current company. The name of the inquiry is ENHANCED RECOVERY CO L. The inquiry date is XX/XX/2021. The bureau reporting is XXXX. Thank you!",,ERC,MS,39211.0,Servicemember,Consent provided,Web,7/8/2021,Closed with explanation,TRUE,,4525554
4/12/2022,Debt collection,Other debt,Attempts to collect debt not owed,Debt is not yours,,,ERC,FL,32246.0,,Consent not provided,Web,4/12/2022,Closed with explanation,TRUE,,5436297
12/21/2018,Debt collection,Other debt,Attempts to collect debt not owed,Debt is not yours,"Got an alert that an account was in collections from XXXX for {$500.00}. This doesnt belong to me. Ive never owed them money. I was once on a plan with XXXX with another person however I wasnt the primary, he was. This means that all balances were to be paid by him and he would take any penalties. Also I am currently using XXXX so I do not understand why they would let me obtain an account with them if I owe them money. Also received letters years ago with different amounts that I supposedly owe them. For this reasons I believe they are being dishonest and deceiving. Also someone called before a year ago to collect a debt and I paid them so they would leave me alone",Company believes it acted appropriately as authorized by contract or law,ERC,TX,76140.0,Servicemember,Consent provided,Web,12/21/2018,Closed with explanation,TRUE,,3107245
5/24/2018,Debt collection,Other debt,Attempts to collect debt not owed,Debt is not yours,"XXXX XXXX XXXX XXXX XXXX XXXX XXXX, XXXX XXXX ( XXXX ) XXXX Requested On : XX/XX/XXXX/ last update XX/XX/XXXX bought the {$170.00} Original Creditor : XXXX XXXX ( Cable/Cellular ) from this other collection co : XXXX XXXX XXXX XXXX XXXX XXXX XXXX XXXX XXXX XXXX , XXXX XXXX ( XXXX ) XXXX Requested On : XX/XX/XXXX Permissible Purpose : COLLECTION : this alleged account has been past from one COLLECTION co 's to another for the last 7 to 8 years I have never had an account with XXXX XXXX nor have I never received and invoice on what the XXXX is for or any breakdown- I have been pushed to the max and will start treatment theses COLLECTION Co as a Hostile attacks on my personal Character and my personal financial goals - as of yesterday I receive notice from two Credit cards- that I have had open with great out standing credit starting from XX/XX/XXXX : this notice was that my FICA had falling over night fromXXXX to XXXX nothing has changed on my credit reports from all three over the last year - XXXX XXXX XXXX has been calling for 6 /7 months I have informed them to cease and assist- however they continue to call and view my reports on all three credit reporting co. every month as XXXX was the primary reporter by my Credit cards I called then and pulled my report - I asked them why did my FICA dropped 100 point over night - the person XXXX said I can tell you that without you payment money first- I said what this was a Negv report and they should give me every thing that has cursed my FICA to fall 100 point instead of helping me Collection companies can report anything they want there's nothing I can do about it- but he will be happy to file a dispute I told him I have filed many disputed about this account and it gets sold off to a new CO and it start all over again theses actions are considered bad faith and Federal intervention should be taking : I could pay this at any time but I will never give in to theses Fraudulent COLLECTION co 's",Company believes it acted appropriately as authorized by contract or law,ERC,FL,33607.0,,Consent provided,Web,5/24/2018,Closed with explanation,TRUE,,2916663
11/16/2021,Debt collection,Other debt,Attempts to collect debt not owed,Debt is not yours,"THE COMPANY, ENHANCED RECOVERY COMPANY LLC PURCHASED A DEBT FROM ANOTHER COMPANY AND I HAD NO INVOLVEMENT WITH THE TRANSACTION. ACCORDING TO 15 USC 3002 I AM A NATURAL PERSON WHICH MEANS MY NAME IN ALL CAPS IS NOT ME. MY NAME IS XXXX XXXX. 15 USC 1692 ( A ) ( 1 ) The term "" Bureau '' means the Bureau of consumer Financial Protection. XXXX, XXXX, XXXX and XXXX are assumed to be credit bureaus and there is only one Bureau and that is the Consumer Financial protection Bureau. On XX/XX/XXXX XXXX congress enacted HJR-192 to suspend the gold standard and to abrogate the gold clause. This resolution declared that "" whereas '' the holding or dealing in gold affect the public interest, and are therefore subject to proper regulation and restriction ; and whereas the existing emergency has disclosed that provisions of obligations which purport to give the obligee a right to require payment in gold or a particular kind of coin or currency are inconsistent with the declared policy of congress in the payment of debts. This resolution declared that any obligation requiring "" payment in gold or a particular kind of coin or currency, or in an amount in money policy ; and every obligation heretofore or hereafter incurred, shall be discharged upon payment, dollar for dollar in any coin or currency which at the time of payment is legal tender for public and private debts. 15 USC 1681 ( 3 ) ( e ). The term "" investigative consumer report '' means a consumer report or portion thereof in which information on a consumer 's character, general reputation, personal characteristics or mode of living is obtained through personal interviews with neighbors, friends, or associates of the consumer reported on or with others with whom he is acquainted or who may have knowledge concerning any such information.",,ERC,TX,77449.0,,Consent provided,Web,11/16/2021,Closed with explanation,TRUE,,4917370
5/4/2021,Debt collection,I do not know,Attempts to collect debt not owed,Debt is not yours,,,ERC,MN,55443.0,,Consent not provided,Web,5/4/2021,Closed with explanation,TRUE,,4349088
6/16/2021,Debt collection,Other debt,Attempts to collect debt not owed,Debt is not yours,,,ERC,CA,91945.0,,Consent not provided,Web,6/16/2021,Closed with explanation,TRUE,,4466631
8/6/2021,Debt collection,Credit card debt,Attempts to collect debt not owed,Debt is not yours,I PULLED MY CONSUMER REPORT AND SEE UNAUTHORIZED REPORTINGS OF ACCOUNTS ON MY REPORT. THE COMPANY IS IN VIOLATION OF : 15 USC 1681 ( a ) ( 4 ) 15 USC 1681 ( a ) ( 2 ) ( b ) 15 USC 1681 ( b ) ( a ) ( 2 ) 15 USC 1681 ( b ) ( 2 ) ( a ) 15 USC 1681 ( c ) ( 2 ),,ERC,CA,90044.0,,Consent provided,Web,8/6/2021,Closed with explanation,TRUE,,4610238
3/4/2021,Debt collection,I do not know,Attempts to collect debt not owed,Debt is not yours,,,ERC,CA,92805.0,,Consent not provided,Web,3/4/2021,Closed with explanation,TRUE,,4182234
10/21/2022,Debt collection,Other debt,Attempts to collect debt not owed,Debt is not yours,On XX/XX/XXXX I mailed the debt collector ( Enhanced Recovery LLC ) a debt validation letter. I have not yet received any communication from them. They are still reporting the debt to the credit Bureaus. On XX/XX/XXXX which is the deadline for Their 30-day validation window. If I do not receive a proper debt validation that proves they are legitimate owners of the debt along with a signed contract or official document where I stated I am taking on the debt. Then I would like the collection taken off all credit reports and stopped being pursued in my name as is my right under the Fair Debt Collections Practices Act ( FDCPA ).,,ERC,CA,91304,,Consent provided,Web,10/21/2022,Closed with explanation,TRUE,,6114860
12/15/2021,Debt collection,Other debt,Attempts to collect debt not owed,Debt is not yours,I am writing to alert the Consumer Financial Protection Bureau of a collections company that is violating my rights and not using proper communication methods when showing up on my credit report. I need the CFPB office to please look into my case. This account has just popped up on my credit report without ever communicating to me. There was no written letter to me or calls to me so I can explain that they have the wrong person. They have recently just popped up on my credit report and I am not familiar with how they got my information or how they have my social security number. I do not owe this company {$2100.00}.,,ERC,NY,10805.0,,Consent provided,Web,1/10/2022,Closed with explanation,TRUE,,5011246
6/25/2019,Debt collection,I do not know,Attempts to collect debt not owed,Debt is not yours,,Company believes it acted appropriately as authorized by contract or law,ERC,TX,77642.0,,Consent not provided,Web,6/25/2019,Closed with explanation,TRUE,,3285938
7/18/2018,Debt collection,Other debt,Attempts to collect debt not owed,Debt is not yours,"Approx. XX/XX/XXXX I recieved a letter from ERC stating I owed over {$300.00} for a direct tv box that was not returned. This box was returned directly to an XXXX  tech in XX/XX/XXXX. In XX/XX/XXXX, I confirmed with XXXX   that this debt was not valid. I was told by an XXXX rep that the information would be in ERC 's system shortly and it was taken care of. Today, XX/XX/XXXX, I received a letter stating I owed them {$190.00} for the same issue. Again, I called XXXX and confirmed AGAIN that this debit was settled and the box was returned. I then called ERC. They claimed this was the first contact from them and att sent them the debt on XX/XX/XXXX. They claim they do now own this debt but are preparing to report the credit bureau in XX/XX/XXXX. I feel that I am being harassed by a less than honest debt collector. I have returned all equipment owned by XXXX and this has been confirmed TWICE by XXXX.",Company believes it acted appropriately as authorized by contract or law,ERC,CA,92115,,Consent provided,Web,7/18/2018,Closed with explanation,TRUE,,2966841
1/2/2020,Debt collection,I do not know,Attempts to collect debt not owed,Debt is not yours,"Hello, I have been receiving weekly calls from a debt collection agency ( ERC ) regarding a debt owed by my ex-wife. I do not know what the debt is, or how much, yet they somehow have my phone number on file and continually call me asking for her. I have spoken with agents at the company multiple times, yet this keeps occurring. I also block the phone number used to contact me, yet they are still able to get through using a different number. This seems like pretty shady tactics to me. The most recent call took place at XXXX Thursday, XX/XX/20. The phone number used was ( XXXX ) XXXX. I will list other numbers they have used recently below : ( XXXX ) XXXX ( XXXX ) XXXX Please help to resolve this issue - I in no way am responsible for this yet I keep getting harassed. And on a personal note, Im glad someone brings up my divorce on a weekly basis I so I can relive all of that again - not only is this bad business practice but frankly it is disrespectful and insulting that this business is choosing not to respect me and my time or personal life experiences. 

Thank You, XXXX XXXX",Company believes it acted appropriately as authorized by contract or law,ERC,WA,98126.0,,Consent provided,Web,1/2/2020,Closed with explanation,TRUE,,3483505
2/22/2023,Debt collection,Other debt,Attempts to collect debt not owed,Debt is not yours,,,ERC,MD,21875.0,Servicemember,,Web,2/22/2023,Closed with explanation,TRUE,,6602706
1/30/2022,Debt collection,Other debt,Attempts to collect debt not owed,Debt is not yours,"ERC, or Enhaced Recovery Company, XXXX, is collecting an unverified debt from XXXX XXXX XXXX that m XXXX XXXX XXXX and XXXX XXXX XXXX XXXX were not able to verify not too long ago. XXXX XXXX XXXX assigned XXXX  XXXX XXXX and XXXX XXXX XXXX XXXX to collect account # XXXX with a balance of {$2600.00} before I submitted a debt verification letter to both companies. They couldnt verify the debt, so they stopped all collections attempts, but XXXX XXXX XXXX continued selling this account to different collections agencies violating the Fair Debt Collection Practices Act ( FDCPA ). 
On XX/XX/2021, I received a letter from XXXX XXXX XXXX XXXX XXXX when they were representinXXXX XXXX XXXX XXXX with the following statements in regards to my debt verification and dispute ; the letter is attached as evidence XXXX received the within XXXX complaint the next day, which was promptly forwarded to the creditor. We are pleased to report that in response, the creditor issued credit adjustments to zero the balance on XX/XX/2021. The matter appears to be resolved in favor of XXXX XXXX. XXXX can confirm that it did not report to the credit bureaus regarding the account. The documents requested have been mailed directly to the consumer in keeping with his request ( XXXX XXXX XXXX, XX/XX/2021 ). 
XXXX XXXX XXXX continues selling this debt to different collection agencies defiantly to harm me without verifying this account or providing the information that I have requested many times before : -CREDITOR/DEBT COLLECTOR DECLARATION Agreement with your client grants you the authority to collect on this alleged debt. 
- Agreement that bears the signature of the alleged debtor wherein they agreed to pay the creditor. 
-Any creditor regarding this account has made any insurance claims. 
-Any Judgments obtained by any creditor regarding this account. 
-Name and address of the alleged creditor. 
-Name on the file of the alleged debtor. 
- Alleged account number. 
-Address on file for the alleged debtor. 
-Amount of alleged debt. 
-Date this alleged debt became payable. 
- Date of original charge off or delinquency. 
-Verification that this debt was assigned or sold to the collector. 
-Complete accounting of alleged debt. 
-Commission for debt collector if collection efforts are successful. 
CLEAR ATTENTION TO THIS REQUEST : This is NOT a request for "" verification '' or proof of my mailing address, a request for VALIDATION made pursuant to 15 USC 1692g Sec. 809 ( b ) of the FDCPA. I respectfully request that your offices provide me with competent evidence that I have any legal obligation to pay you. Because XXXX XXXX XXXX and XXXX XXXX XXXX XXXX was not able to comply with FDCPA per letter that XXXX XXXX XXXX XXXX XXXX XXXXGeneral Counsel sent to XXXX XXXX XXXX XXXX XXXX  employee in XXXX XXXX with address XXXX XXXX XXXX XXXX XXXX, NY, XXXX ) on XX/XX/2021, Letter is attached to this complaint. The complaint about that issue is XXXX Complaint # XXXX. I have also attached a copy of the debt verification letter sent to XXXX XXXX XXXX XXXX.",,ERC,NV,89110.0,,Consent provided,Web,1/30/2022,Closed with explanation,TRUE,,5164264
6/10/2017,Debt collection,I do not know,Attempts to collect debt not owed,Debt is not yours,,Company believes it acted appropriately as authorized by contract or law,ERC,TX,76227.0,Servicemember,Consent not provided,Web,6/10/2017,Closed with explanation,TRUE,,2506414
9/25/2019,Debt collection,Other debt,Attempts to collect debt not owed,Debt is not yours,,Company believes it acted appropriately as authorized by contract or law,ERC,TX,75034.0,,Consent not provided,Web,9/25/2019,Closed with explanation,TRUE,,3386611
1/31/2018,Debt collection,Other debt,Attempts to collect debt not owed,Debt is not yours,,Company believes it acted appropriately as authorized by contract or law,ERC,TX,78550.0,"Older American, Servicemember",Consent not provided,Web,1/31/2018,Closed with explanation,TRUE,,2798557
12/3/2020,Debt collection,Other debt,Attempts to collect debt not owed,Debt is not yours,Enhanced Recovery Company has reported a collection account to my consumer credit file in the amount of XXXX. I do not owe this alleged debt. If Enhanced Recovery Company has the right to collect this debt in accordance with the FDCPA I am asking for validation of this account. This includes ALL contractual documents stating and proving that I am responsible for this account that I agreed to and authorized the alleged debt that Enhanced Recovery Company is attempting to collect. Enhanced Recovery has no legal right to attempt to collect a debt. Enhanced Recovery has not validated this debt nor sent me a notice of collection. Enhanced Recovery is in violation of the FCRA and the FCDPA.,,ERC,TX,77373.0,,Consent provided,Web,12/3/2020,Closed with explanation,TRUE,,3988422
1/25/2020,Debt collection,I do not know,Attempts to collect debt not owed,Debt is not yours,"Collection opened Indicates the date the collection account was opened XX/XX/2019 Payment Info Original loan amount {$290.00} Balance {$290.00} Updated on XX/XX/2019 Contact XXXX XXXX XXXX XXXX, FLXXXX ( XXXX ) XXXX I've contacted this company ten times to remove this collection. I did explain to the company I don't own this debit and you have the wrong personing.",Company believes it acted appropriately as authorized by contract or law,ERC,NJ,7052.0,,Consent provided,Web,1/30/2020,Closed with explanation,TRUE,,3508891
1/26/2018,Debt collection,I do not know,Attempts to collect debt not owed,Debt is not yours,,Company believes it acted appropriately as authorized by contract or law,ERC,NY,11231.0,,Consent not provided,Web,1/26/2018,Closed with explanation,TRUE,,2793572
5/19/2018,Debt collection,Other debt,Attempts to collect debt not owed,Debt is not yours,,Company believes it acted appropriately as authorized by contract or law,ERC,IL,60613.0,,Consent not provided,Web,5/19/2018,Closed with explanation,TRUE,,2911664
12/2/2022,Debt collection,I do not know,Attempts to collect debt not owed,Debt is not yours,,,ERC,TX,77077.0,,Consent not provided,Web,12/2/2022,Closed with explanation,TRUE,,6265578
4/2/2018,Debt collection,Other debt,Attempts to collect debt not owed,Debt is not yours,,Company believes it acted appropriately as authorized by contract or law,ERC,AR,72034.0,,Consent not provided,Web,4/2/2018,Closed with explanation,TRUE,,2861514
7/19/2021,Debt collection,Credit card debt,Attempts to collect debt not owed,Debt is not yours,,,ERC,LA,70737.0,,Consent not provided,Web,7/19/2021,Closed with explanation,TRUE,,4556247
1/16/2020,Debt collection,I do not know,Attempts to collect debt not owed,Debt is not yours,,Company believes it acted appropriately as authorized by contract or law,ERC,NY,10473.0,,Consent not provided,Web,1/16/2020,Closed with explanation,TRUE,,3498955
7/9/2018,Debt collection,Other debt,Attempts to collect debt not owed,Debt is not yours,"I was looking at my credit reports, and do not ever recall owing these people any money. Enhanced recovery, is wrongfully reporting me to XXXX. I demand a verification in writing of this amount owed, which im entighteled to under the fair credit reporting act within 5 days in writing. 











i",Company believes it acted appropriately as authorized by contract or law,ERC,NV,89108,Servicemember,Consent provided,Web,7/9/2018,Closed with explanation,TRUE,,2957514
4/30/2020,Debt collection,I do not know,Attempts to collect debt not owed,Debt is not yours,,,ERC,DE,19973,,Consent not provided,Web,4/30/2020,Closed with explanation,TRUE,,3631134
10/11/2018,Debt collection,Other debt,Attempts to collect debt not owed,Debt is not yours,,Company believes it acted appropriately as authorized by contract or law,ERC,,,Servicemember,,Phone,10/11/2018,Closed with explanation,TRUE,,3043409
3/26/2019,Debt collection,Other debt,Attempts to collect debt not owed,Debt is not yours,,Company believes it acted appropriately as authorized by contract or law,ERC,MD,20602.0,,Consent not provided,Web,3/26/2019,Closed with explanation,TRUE,,3190975
12/12/2019,Debt collection,I do not know,Attempts to collect debt not owed,Debt is not yours,I was checking my credit score today and I saw some Enhanced Recovery Company has opened a collection account on my credit report on behalf of XXXX XXXX XXXX XXXX which caused a drop of 20 points due to a collecting account been opened on XX/XX/2019 stating I owe them XXXX dollars as a debt. First of all i dont know who that collector is nor I received any type of correspondence in writing notifying me regarding the debt. Today I called the Enhanced Recovery Company and talked to the agent XXXX XXXX. She looked up my name along with my last 4 digit social security number my area code and the city I live in she still couldnt locate me in their system. I filed a similar complain against XXXX XXXX XXXX XXXX in XXXX when XXXX XXXX tried to collect the debt of same amount I dont owe to XXXX XXXX XXXX XXXX and they removed the collection account. This is the second time XXXX XXXX XXXX XXXX is illegally destroying my credit score. I request to immediately remove this collection account from my account and restore my points.,,ERC,CA,90059.0,,Consent provided,Web,12/12/2019,Closed with explanation,TRUE,,3466758
3/5/2019,Debt collection,Other debt,Attempts to collect debt not owed,Debt is not yours,,Company believes it acted appropriately as authorized by contract or law,ERC,PA,19129,,Consent not provided,Web,3/5/2019,Closed with explanation,TRUE,,3169399
8/4/2020,Debt collection,Other debt,Attempts to collect debt not owed,Debt is not yours,,,ERC,MA,2122.0,,Consent not provided,Web,8/4/2020,Closed with explanation,TRUE,,3778692
11/12/2021,Debt collection,I do not know,Attempts to collect debt not owed,Debt is not yours,,,ERC,GA,31316.0,,Other,Web,11/12/2021,Closed with explanation,TRUE,,4904870
1/28/2020,Debt collection,Other debt,Attempts to collect debt not owed,Debt is not yours,,,ERC,OH,43551.0,,Consent not provided,Web,1/28/2020,Closed with explanation,TRUE,,3511444
11/18/2020,Debt collection,I do not know,Attempts to collect debt not owed,Debt is not yours,,,ERC,MT,59405.0,,,Fax,12/1/2020,Closed with explanation,TRUE,,3961491
8/29/2017,Debt collection,Other debt,Attempts to collect debt not owed,Debt is not yours,,Company believes it acted appropriately as authorized by contract or law,ERC,FL,33056.0,Servicemember,Consent not provided,Web,8/29/2017,Closed with explanation,TRUE,,2653776
8/27/2020,Debt collection,I do not know,Attempts to collect debt not owed,Debt is not yours,,,ERC,MD,20703.0,,,Referral,8/27/2020,Closed with explanation,TRUE,,3817263
5/2/2017,Debt collection,Other debt,Attempts to collect debt not owed,Debt is not yours,,,ERC,MA,01904,,Consent not provided,Web,5/15/2017,Closed with explanation,TRUE,,2472201
5/3/2022,Debt collection,Other debt,Attempts to collect debt not owed,Debt is not yours,"XXXX was a company that I utilized for less than a month. Just like XXXX XXXX XXXX it was company that I purchased from in store and was lied to. The retail location had reviews from every where that pretty much everyone went through what I had. Service was continually bad in my location at the time of zip code XXXX in XXXX and continued dropped calls when my then employment was based off my cell phone and being able to utilize it properly was tarnished I cancelled and yet again attempted to return the devices. One device was certified pre owned and upon bringing it home we had discovered the employee hadnt done his job and you couldnt hear the other person on the call. And according to the terrible rep were were sold it as is and were stuck with it. We ended up cancelling a few days later when my brand new at the time XXXX as mentioned earlier couldnt keep connection to another call even in an emergency and also couldnt connect to the internet anywhere in my town without XXXX. It was done in good faith to try to return both phones and, again both were rejected. Also this happened in XXXX  and this rotten collection agency keeps reporting it as brand new debt which is illegal and harrowing and incorrect. The only thing not clearly defined in the CFPB/ XXXX rules is harassment. And this has been devastating.",,ERC,MN,56303.0,,Consent provided,Web,5/3/2022,Closed with explanation,TRUE,,5533671
5/15/2021,Debt collection,Other debt,Attempts to collect debt not owed,Debt is not yours,"A fraudulent account with XXXX XXXX  was opened in my name. I never initiated or have ever had an account with XXXX XXXX. Subsequently, the unpaid account was sent to Enhanced Recovery Company , LLC who has been attempting to collect on the unpaid account. 

XXXX XXXX will not be able to furnish proof that I ever initiated the opening of any account with their company, including any signed documents in my name permitting them to begin service. I have never inquired about starting service either in writing or by using their website. 

Again, any account in my name through XXXX XXXX was opened fraudulently. 


The collection amount is {$300.00}.",,ERC,HI,96706.0,,Consent provided,Web,5/15/2021,Closed with explanation,TRUE,,4380092
3/15/2020,Debt collection,Other debt,Attempts to collect debt not owed,Debt is not yours,,,ERC,IL,60411.0,,Consent not provided,Web,3/15/2020,Closed with explanation,TRUE,,3567750
6/26/2019,Debt collection,I do not know,Attempts to collect debt not owed,Debt is not yours,,Company believes it acted appropriately as authorized by contract or law,ERC,GA,30016,,Other,Web,6/26/2019,Closed with explanation,TRUE,,3288056
7/26/2022,Debt collection,Other debt,Attempts to collect debt not owed,Debt is not yours,"In accordance with the Fair Credit Reporting act ENHANCED RECOVERY CO L. has violated my rights. 

15 U.S.C 1681 section 602 A. States I have the right to privacy. 

15 U.S.C 1681 Section 604 A Section 2 : It also states a consumer reporting agency can not furnish a account without my written instructions. 

This is my XXXXrd time trying to get this debt removed from my credit report. 
On XXXX XXXX. Enhanced Recovery CO L was removed from my XXXX  report without it being also removed from my XXXX Report. 
Attached is an Identity Theft FTC Report and well as your removal from XXXX. 
Please remove this from my XXXXXXXX Report Immediately.",,ERC,PA,19140.0,,Consent provided,Web,7/26/2022,Closed with explanation,TRUE,,5812843
6/28/2021,Debt collection,I do not know,Attempts to collect debt not owed,Debt is not yours,,,ERC,TX,77084,,Consent not provided,Web,6/28/2021,Closed with explanation,TRUE,,4498310
10/13/2020,Debt collection,I do not know,Attempts to collect debt not owed,Debt is not yours,,,ERC,FL,32839.0,,Consent not provided,Web,10/13/2020,Closed with explanation,TRUE,,3897223
8/23/2019,Debt collection,I do not know,Attempts to collect debt not owed,Debt is not yours,"Today I learned your organization has reported a balance of {$770.00} for an account I am unfamiliar with to the credit bureaus. I am not certain where this debt came from and would like to find out more about it. Please provide proof of debt by means of original billing statements and any contracts relevant to the account which show I assumed financial responsibility for this account. In the past my credit report has been merged with that of another and I have also been the victim of identity theft, so it is imperative I know the origin of all debts. Please provide proof of debt within 15 days of receipt of this request. If you can not furnish proof of debt, please request the deletion of this item from my credit report immediately. 

Additionally, you have reported this account opening in XX/XX/2019. While I am not familiar with the account or balance you are seeking to collect. I am certain I did not acquire any kind of account with such a balance in the month in which you are reporting the opening of this account. It appears as though you have re-aged an account to make it appear newer than it actually is to cause maximum damage to my credit report.",Company believes it acted appropriately as authorized by contract or law,ERC,WI,53092.0,,Consent provided,Web,8/23/2019,Closed with explanation,TRUE,,3351151
7/17/2020,Debt collection,I do not know,Attempts to collect debt not owed,Debt is not yours,,,ERC,OH,43219.0,,Consent not provided,Web,7/17/2020,Closed with explanation,TRUE,,3751110
9/20/2020,Debt collection,I do not know,Attempts to collect debt not owed,Debt is not yours,,,ERC,TX,78216.0,,Consent not provided,Web,9/24/2020,Closed with explanation,TRUE,,3856204
5/1/2020,Debt collection,Other debt,Attempts to collect debt not owed,Debt is not yours,,,ERC,CA,92672.0,,Consent not provided,Web,5/1/2020,Closed with explanation,TRUE,,3632580
3/11/2023,Debt collection,Other debt,Attempts to collect debt not owed,Debt is not yours,,,ERC,MI,48228.0,,,Web,3/11/2023,Closed with explanation,TRUE,,6674959
6/6/2017,Debt collection,Other debt,Attempts to collect debt not owed,Debt is not yours,"The collection company ERC is not authorized to collect in the state of Tn. I have already contacted the company concerning this matter. I have not received any contracts from this company proving evidence that the debt is mine as are my rights. I ask the ERC provide a Full validation of this debt along with proof that they are licensed/bonded in the state of tn to collect. If proof can not be attained, I ask that ERC cease and detest any further attempts and delete the negative remark from all  XXXX  credit bureaus",Company believes it acted appropriately as authorized by contract or law,ERC,TN,38119.0,Servicemember,Consent provided,Web,6/12/2017,Closed with explanation,TRUE,,2502334
7/19/2018,Debt collection,Other debt,Attempts to collect debt not owed,Debt is not yours,The company left a derogatory remark on my credit report,Company believes it acted appropriately as authorized by contract or law,ERC,PA,15224,,Consent provided,Web,7/20/2018,Closed with explanation,TRUE,,2967999
7/20/2018,Debt collection,Other debt,Attempts to collect debt not owed,Debt is not yours,"On XX/XX/XXXX, I sent a letter of dispute to a collection agency named XXXX XXXX XXXX ( ERC ), in regards to an account that they have been reporting under my name and social security number, with an amount of {$1300.00} which they claim I owe them, to all 3 credit reporting bureaus, with an open date of XX/XX/XXXX. In this letter, I requested validation of the debt, including sufficient evidence showing that I in fact owe them this debt. I do not believe I currently owe them this debt, nor have I ever owed them this debt. I have not received such validation, nor any relevant correspondence from this company, including an initial collection notice. I have sent 2 follow-up letters since then, dated XX/XX/XXXX, and XX/XX/XXXX, to which they have not responded. I believe this is a violation of the Fair Debt Collections Practicing Act, as well as the Fair Credit Reporting Act.",Company believes it acted appropriately as authorized by contract or law,ERC,PA,15148.0,,Consent provided,Web,7/20/2018,Closed with explanation,TRUE,,2968586
10/14/2017,Debt collection,Other debt,Attempts to collect debt not owed,Debt is not yours,,Company believes it acted appropriately as authorized by contract or law,ERC,NC,27612.0,,Consent not provided,Web,10/14/2017,Closed with explanation,TRUE,,2702201
4/13/2018,Debt collection,Other debt,Attempts to collect debt not owed,Debt is not yours,,Company believes it acted appropriately as authorized by contract or law,ERC,IN,47421.0,,Consent not provided,Web,4/13/2018,Closed with explanation,TRUE,,2874030
9/1/2020,Debt collection,I do not know,Attempts to collect debt not owed,Debt is not yours,,,ERC,NJ,7018.0,,Consent not provided,Web,9/1/2020,Closed with explanation,TRUE,,3824764
4/6/2018,Debt collection,Other debt,Attempts to collect debt not owed,Debt is not yours,"I received a collection notice from ERC dated XX/XX/XXXX, stating that I owe a balance of {$630.00} to XXXX XXXX XXXX XXXX ( XXXX ).

I responded to ERC with a letter on XX/XX/XXXX, stating that I never received any services from XXXX, and that I was disputing this collection notice. I demanded that they send me a copy of any validation or judgement they claim to have regarding this alleged debt.

I received a written response from ERC dated 3XX/XX/XXXX, that provided me with a copy of an invoice from XXXX dated XX/XX/XXXX in the amount of {$290.00}. The invoice showed services provided to : XXXX XXXX, XXXX XXXX XXXX XXXX XXXX XXXX XXXX IL XXXX-XXXX. I have never visited or lived in XXXX IL. I have lived in the state of Nevada continuously since XX/XX/XXXX. This matter appears to be a case of identity theft.

XXXX XXXX, XXXX XXXX XXXX XXXX. XXXX XXXX NV XXXX-XXXX ( XXXX ).",Company believes it acted appropriately as authorized by contract or law,ERC,NV,89122.0,Older American,Consent provided,Web,4/6/2018,Closed with explanation,TRUE,,2866957
1/10/2018,Debt collection,Other debt,Attempts to collect debt not owed,Debt is not yours,"These credit bureaus, and these collection companies have admitted that my credit file has been breached. With the help of these thieving collection companies, my personal information is being used all over Georgia with impunity. These collection companies know very well these are not my accounts ; however, these collection companies are seeing blood in the water, and they are focused like the sharks they are. 

We must close these collection companies, and they are unabashed in corrupting my credit report. This is unacceptable and unenforceable, and this is an unscrupulous bid by these companies to inject itself from legitimate deeds against them. My Social Security number, birth date, address, driver 's license information is in the hands of criminals supplies by these collection companies and XXXX, XXXX, XXXX, and XXXX. 

This is precisely the category of data criminals can use to mimic victims to banks, credit card companies, insurance companies, and other businesses defenseless to deception. Lock-up these managers at these collection companies, and the credit bureaus. They are smooth and courageous criminals. This situation emerged since my personal data is cherished to thieves, these bureaus, and these collection companies are in the business of making money legally, and/or illegally. 

These companies are much more than a credit reporting agency. It is a data broker, and thieves who are living like fat rats. It collects information from all of us, analyzes it all, and then sell them. If they think I will kick the can down the road when it comes to my credit. Well, I got news for them today, I am not.",Company believes it acted appropriately as authorized by contract or law,ERC,GA,31210.0,,Consent provided,Web,1/10/2018,Closed with explanation,TRUE,,2778593
4/10/2020,Debt collection,Other debt,Attempts to collect debt not owed,Debt is not yours,,,ERC,NY,12023.0,Servicemember,Consent not provided,Web,4/13/2020,Closed with explanation,TRUE,,3602171
10/4/2019,Debt collection,I do not know,Attempts to collect debt not owed,Debt is not yours,,Company believes it acted appropriately as authorized by contract or law,ERC,VA,22314.0,,Consent withdrawn,Web,10/4/2019,Closed with explanation,TRUE,,3396235
2/2/2023,Debt collection,I do not know,Attempts to collect debt not owed,Debt is not yours,,,ERC,CA,91710.0,,,Web,2/2/2023,Closed with explanation,TRUE,,6520037
1/4/2019,Debt collection,Other debt,Attempts to collect debt not owed,Debt is not yours,,Company believes it acted appropriately as authorized by contract or law,ERC,PA,16510.0,,Consent not provided,Web,1/4/2019,Closed with explanation,TRUE,,3116616
4/11/2018,Debt collection,Other debt,Attempts to collect debt not owed,Debt is not yours,,Company believes it acted appropriately as authorized by contract or law,ERC,OH,45206.0,,,Referral,4/11/2018,Closed with explanation,TRUE,,2872716
3/14/2020,Debt collection,Other debt,Attempts to collect debt not owed,Debt is not yours,"Enhanced Recovery Co, reported address XXXX XXXX XXXX XXXX FL XXXX, phone # XXXX reported a debt owed of {$2400.00} from XXXX XXXX. I attempted to contact the number provided and it is not in service. 

I have not had an XXXX account in over 7 years, and it was paid in full. I have never been contacted by XXXX or Enhanced Recovery Co regarding this debt. It suddenly appeared on my credit report in XX/XX/2020. 

I attempted to contact the company with a number I located on XXXX search on XX/XX/XXXX at XXXXPST. I was told that I had to provide my entire social security number in order to pull up my file. I am not comfortable providing my social to a company who I have no idea their interest or intent. The company does NOT list an account or reference number on the file in order to discuss the account without giving my personal data I contacted XXXX on XX/XX/XXXX at XXXX PST and they advised via my social security number that I do not have any associated debt with their organization.",,ERC,WA,98070.0,,Consent provided,Web,3/20/2020,Closed with explanation,TRUE,,3566999
9/4/2017,Debt collection,Medical debt,Attempts to collect debt not owed,Debt is not yours,,Company believes it acted appropriately as authorized by contract or law,ERC,TX,75044.0,,Consent not provided,Web,9/4/2017,Closed with explanation,TRUE,,2657611
5/21/2017,Debt collection,Other debt,Attempts to collect debt not owed,Debt is not yours,"On    XXXX   XXXX   XXXX   a  company by the name of  XXXX  was removed from my  XXXX  credit reports because they were coming after me for a collection on behalf of  XXXX   XXXX   XXXX  in the amount of {$520.00}. I have never had an account with  XXXX   XXXX   XXXX  and definitely have  zero plans of getting one.  As of    XXXX   XXXX   XXXX   I  noticed on my new  XXXX  and  XXXX   credit  reports that the company ERC  ( Enhanced Recovery Corp ) has reported false information on my credit report stating th at an account was opened with them    XXXX   XXXX   XXXX   in th e amount of {$520.00} original creditor  XXXX   XXXX   XXXX  and my payment status is a Collection/Charge-Off. Also the same company reported false information to my   XXXX   credit report as well stating I owe {$520.00} and the account was opened on    XXXX   XXXX   XXXX   a nd my payment status is Refinanced or Renewed. I have contacted the company via telephone numerous times and all of which I was informed it was a simple error and they would removed me out he system and update my reports, when asking for something in writing the cal some how always ends up getting transferred. I feel someone is playing and constantly using my information.",,ERC,MS,39212,,Consent provided,Web,5/21/2017,Closed with explanation,TRUE,,2490142
10/20/2022,Debt collection,Other debt,Attempts to collect debt not owed,Debt is not yours,,,ERC,NY,11217,,Consent not provided,Web,10/20/2022,Closed with explanation,TRUE,,6110708
5/21/2021,Debt collection,I do not know,Attempts to collect debt not owed,Debt is not yours,,,ERC,AR,71658.0,,Consent not provided,Web,5/21/2021,Closed with explanation,TRUE,,4396945
6/15/2020,Debt collection,I do not know,Attempts to collect debt not owed,Debt is not yours,,,ERC,CA,93561.0,,Consent not provided,Web,6/15/2020,Closed with explanation,TRUE,,3700014
4/30/2021,Debt collection,Other debt,Attempts to collect debt not owed,Debt is not yours,I don't recall that I had a record with these authorities/loan bosses. I've requested on various occasions to send verification from the proprietorship however they haven't agreed to my solicitation yet.,,ERC,FL,33569.0,,Consent provided,Web,4/30/2021,Closed with explanation,TRUE,,4342104
9/25/2018,Debt collection,I do not know,Attempts to collect debt not owed,Debt is not yours,,Company believes it acted appropriately as authorized by contract or law,ERC,WI,53206.0,,,Postal mail,10/1/2018,Closed with explanation,TRUE,,3028870
1/8/2019,Debt collection,I do not know,Attempts to collect debt not owed,Debt is not yours,,Company believes it acted appropriately as authorized by contract or law,ERC,TX,77082.0,,Consent not provided,Web,1/8/2019,Closed with explanation,TRUE,,3119419
5/12/2020,Debt collection,I do not know,Attempts to collect debt not owed,Debt is not yours,"XXXX XXXX XXXX XXXX XXXX XXXX, GA XXXX ENHANCED RECOVERY CO L XXXX XXXX XXXX XXXX, FL XXXX ( XXXX ) XXXX RE : Account # XXXX To Whom It May Concern : This letter is being sent to you in response to notices sent to me from your company and more importantly, due to your erroneous reporting to the Credit Bureau { s }, the highly negative impact on my personal credit report. Please be advised that this is not a refusal to pay, but a notice sent pursuant to the Fair Debt Collection Practices Act, 15 USC 1692g Sec. 809 { b } that your claim is disputed and validation is requested.

This is NOT a request for verification or proof of my mailing address, but a request for VALIDATION made pursuant to the above-named Title and Section. I respectfully request that your offices provide me with competent evidence that I have any legal obligation to pay you. 

Please provide me with the following : What the money you say I owe is for : Explain and show me how you calculated what you say I owe : Provide me with copies of any papers that show I agreed to pay what you say I owe : Provide a verification or copy of any judgment if applicable : Identify the original creditor : Prove the Statute of Limitations has not expired on this account : Show me the you are licensed to collect in my state : Provide me with your license numbers and Registered Agent or Agent of Service : At this time, I will also inform you that if your offices have reported invalidated information to any of the 3 major Credit Bureaus { Experian, Equifax or TransUnion } this action might constitute fraud under both Federal and State Laws. Due to this fact, if any negative mark is found on any of my credit reports by your company or the company that you represent, I will not hesitate to bring legal action against you for the following : Violation of the Fair Credit Reporting Act Violation of the Fair Debt Collection Practices Act Defamation of Character If your offices can provide proper documentation as requested in the following Declaration, I will require at least 30 days to investigate this information and during such time all collection activity must cease and desist.

Also, during this validation period, if any action is taken which could be considered detrimental to any of my credit reports, I will consult with my legal counsel for suit. This includes listing any information with a credit reporting repository that could be inaccurate or invalidated or verifying an account as accurate, when in fact there is no provided proof that it is accurate.

If your company fails to respond to this validation request within 30 days from the date of your receipt, all references to this account must be deleted and completely removed from my credit report and a copy of such deletion { to any/all of the 3 major credit reporting bureaus : Equifax, Experian and TransUnion } request shall be sent to me immediately.

I would also like to request, in writing, that no telephone contact be made by your company to my home or my place of employment. If your offices attempt telephone communication with me, including but not limited to computer generated calls and calls or correspondence sent to or with any third parties, it will be considered harassment and I will have no choice but to file suit. All future communications with me MUST be done in writing and sent to the address noted in this letter by USPS.

It would be advisable that you assure your records are in order before I am forced to take legal action against your company and your client. This is an attempt to correct your records, any information obtained shall be used for that purpose. 


Best Regards, XXXX XXXX Please remove this account from my credit and do not contact me by phone only contact me by mail or by CFPB portal.",Company believes it acted appropriately as authorized by contract or law,ERC,GA,30507.0,,Consent provided,Web,5/12/2020,Closed with explanation,TRUE,,3647517
10/8/2021,Debt collection,Other debt,Attempts to collect debt not owed,Debt is not yours,This is an unknown collection account reporting multiple times on my credit profile. I am respectfully requesting that you delete this inaccurate account from my credit profile.,,ERC,NY,10927.0,,Consent provided,Web,10/8/2021,Closed with explanation,TRUE,,4790734
6/5/2020,Debt collection,I do not know,Attempts to collect debt not owed,Debt is not yours,ERC has violated my rights as a federally protected consumer under 15 USC 1692. Please review attached documentation.,,ERC,VA,22802.0,,Consent provided,Web,6/5/2020,Closed with explanation,TRUE,,3685593
12/19/2019,Debt collection,Other debt,Attempts to collect debt not owed,Debt is not yours,,,ERC,AL,35023.0,,Consent not provided,Web,12/23/2019,Closed with explanation,TRUE,,3473067
9/18/2019,Debt collection,I do not know,Attempts to collect debt not owed,Debt is not yours,,Company believes it acted appropriately as authorized by contract or law,ERC,MN,55070.0,,,Phone,9/18/2019,Closed with explanation,TRUE,,3378630
2/18/2018,Debt collection,I do not know,Attempts to collect debt not owed,Debt is not yours,,Company believes it acted appropriately as authorized by contract or law,ERC,GA,30189.0,,Consent not provided,Web,2/18/2018,Closed with explanation,TRUE,,2818080
7/6/2017,Debt collection,Other debt,Attempts to collect debt not owed,Debt is not yours,Tried several times to contact the Creditor I have left messages and got nothing but a run around need help thank you this is not my debt,Company believes it acted appropriately as authorized by contract or law,ERC,TX,75253.0,,Consent provided,Web,7/12/2017,Closed with explanation,TRUE,,2572151
3/9/2019,Debt collection,Other debt,Attempts to collect debt not owed,Debt is not yours,I have no knowledge of this debt so I asked the company to provide factual information that it was my debt. They sent a letter of a bill with my name and a address I have never lived at ( which is enclosed ). I never recieved any signed contract with my signature stating I ever was with XXXX or owe ERC? The paperwork has an accurate address during time they say I supposed to have had this account and no signed contract? I would like this removed from my account immediately as this does not belong to me.,Company believes it acted appropriately as authorized by contract or law,ERC,TX,75038,,Consent provided,Web,3/9/2019,Closed with explanation,TRUE,,3174378
2/18/2018,Debt collection,Other debt,Attempts to collect debt not owed,Debt is not yours,"ERC had been contacted along with their client ( XXXX ) on numerous occasions in attempt to resolve this issue, but my efforts have been all but ignored and this false negative report is and has prevented me from getting the needed credit and FICO score to obtain any new credit for me personally or my business. Now this is and has been leading to ongoing losses in my business and personal life.",Company believes it acted appropriately as authorized by contract or law,ERC,NV,89129.0,,Consent provided,Web,2/18/2018,Closed with explanation,TRUE,,2817892
8/27/2017,Debt collection,Other debt,Attempts to collect debt not owed,Debt is not yours,,Company believes it acted appropriately as authorized by contract or law,ERC,CT,6457.0,Servicemember,Consent not provided,Web,8/27/2017,Closed with explanation,TRUE,,2651790
11/21/2022,Debt collection,Other debt,Attempts to collect debt not owed,Debt is not yours,,,ERC,CA,92505.0,,Consent not provided,Web,11/21/2022,Closed with explanation,TRUE,,6231097
7/31/2017,Debt collection,Other debt,Attempts to collect debt not owed,Debt is not yours,,Company believes complaint is the result of an isolated error,ERC,NY,10553.0,,,Phone,8/1/2017,Closed with explanation,TRUE,,2590864
10/17/2020,Debt collection,Other debt,Attempts to collect debt not owed,Debt is not yours,,,ERC,CA,92404.0,,Consent not provided,Web,10/20/2020,Closed with explanation,TRUE,,3904747
6/6/2022,Debt collection,Other debt,Attempts to collect debt not owed,Debt is not yours,,,ERC,CA,94595.0,,Consent not provided,Web,6/6/2022,Closed with explanation,TRUE,,5638467
4/25/2020,Debt collection,I do not know,Attempts to collect debt not owed,Debt is not yours,this company has an account on my credit report thats not mine.,,ERC,FL,33610.0,,Consent provided,Web,4/25/2020,Closed with explanation,TRUE,,3622454
1/17/2018,Debt collection,I do not know,Attempts to collect debt not owed,Debt is not yours,,Company can't verify or dispute the facts in the complaint,ERC,FL,32097.0,,Consent not provided,Web,1/17/2018,Closed with explanation,TRUE,,2784584
7/28/2017,Debt collection,I do not know,Attempts to collect debt not owed,Debt is not yours,,Company believes it acted appropriately as authorized by contract or law,ERC,GA,30519,,Consent not provided,Web,7/28/2017,Closed with explanation,TRUE,,2589378
7/6/2020,Debt collection,Other debt,Attempts to collect debt not owed,Debt is not yours,,Company believes it acted appropriately as authorized by contract or law,ERC,TX,77015.0,,Consent not provided,Web,7/6/2020,Closed with explanation,TRUE,,3731539
5/5/2020,Debt collection,Other debt,Attempts to collect debt not owed,Debt is not yours,,,ERC,GA,30180.0,,Consent not provided,Web,5/5/2020,Closed with explanation,TRUE,,3637800
3/22/2018,Debt collection,Other debt,Attempts to collect debt not owed,Debt is not yours,"On early XX/XX/XXXX, I received a debt collection notice in the mail from a company called "" ERC ''. I immediately called them ti figure out what this was for and the representative said that this is a debt from an account with XXXX XXXX XXXX over 5 years ago. I told her that when the account was terminated, the equipment and final balance were paid at XXXX XXXX XXXX 's office in XXXX, Ohio. She argued and said unless I had proof of what I had explained to her, that they would continue to try to collect the debt. 

I asked her how it was possible that if i look at my credit report every year, how this hasn't ever come up until now. She didn't have an answer but said that they were supposedly the 4th collection agency that has had the account. Again, I asked her to explain why I haven't heard about this until now and she had no answer. Her only response was that I could take the settlement offer they were presenting to me or that they would continue to collect the debt. 

After I got off the phone with her, I did a quick XXXX search and have found HUNDREDS of other complaints from people just like me. People who have never had service with XXXX XXXX, people who used to have XXXX XXXX 5 or more years ago in the past, etc. 

I do not owe this debt and need this taken care of. This company is unethical and should be shut down. 

I also receive 2 or 3 phone calls per day from this company even though i told them to put it in a dispute status because if it is not a genuine debt.",Company believes it acted appropriately as authorized by contract or law,ERC,OH,44278.0,Servicemember,Consent provided,Web,3/22/2018,Closed with explanation,TRUE,,2852161
4/24/2019,Debt collection,Other debt,Attempts to collect debt not owed,Debt is not yours,"XXXX XXXX XXXX has been mailing me bills for years that is not mine. I have returned to sender items and written that it is not mine as I AM NOT XXXX XXXX. 

I have moved XXXX times and the debt has followed. They recently reported it to the credit bureaus and negatively effected my credit. I disputed it. The company continues to bill me. This needs to be removed from all three bureaus and they need to cease mailing me.",Company believes it acted appropriately as authorized by contract or law,ERC,TN,37129.0,,Consent provided,Web,4/24/2019,Closed with explanation,TRUE,,3221165
8/2/2018,Debt collection,Other debt,Attempts to collect debt not owed,Debt is not yours,,Company believes it acted appropriately as authorized by contract or law,ERC,MO,63111.0,,Consent not provided,Web,8/2/2018,Closed with explanation,TRUE,,2980884
11/18/2020,Debt collection,Other debt,Attempts to collect debt not owed,Debt is not yours,,,ERC,TX,77379.0,,Consent not provided,Web,11/18/2020,Closed with explanation,TRUE,,3960459
8/28/2020,Debt collection,Other debt,Threatened to contact someone or share information improperly,Contacted your employer,"ERC changed my billing address to my employers address, then mailed a bill to my employers address. The A/P department at my employer opened the letter and read and reviewed the invoice. When they determined it was not company related, then then emailed it to me. So basically they provided my information of a past due, disputed bill to my employer which embarrassed me and divulged my information to my employer and coworkers.",,ERC,CA,92648.0,,Consent provided,Web,8/28/2020,Closed with explanation,TRUE,,3819686
12/19/2015,Credit reporting,,Incorrect information on credit report,Information is not mine,,Company believes it acted appropriately as authorized by contract or law,ERC,CA,90732,,Consent not provided,Web,12/22/2015,Closed with non-monetary relief,TRUE,FALSE,1708264
1/2/2016,Credit reporting,,Incorrect information on credit report,Information is not mine,THERE ARE SEVERAL INCORRECT ITEAM LISTED ON MY REPORT WITH A FAMILY MEMBER NAME NOT MY OWN. I HAVE CONTACT CREDIT BREAU IM NOT GETTING ANY HELP. IM TRYING TO GET A HOME WITHIN THE NEXT 30 DAYS IN BY THIS INCORRECT INFORMATION BEING ON MY ACCCOUNT IS HOLDING ME BACK,Company believes it acted appropriately as authorized by contract or law,ERC,GA,30265,,Consent provided,Web,1/11/2016,Closed with non-monetary relief,TRUE,FALSE,1725038
2/21/2015,Credit reporting,,Incorrect information on credit report,Information is not mine,,,ERC,NY,13643,Servicemember,,Web,2/27/2015,Closed with non-monetary relief,TRUE,TRUE,1250866
1/28/2019,"Credit reporting, credit repair services, or other personal consumer reports",Credit reporting,Incorrect information on your report,Account status incorrect,,Company believes it acted appropriately as authorized by contract or law,ERC,NY,11215.0,,Consent not provided,Web,1/28/2019,Closed with explanation,TRUE,,3134746
5/1/2020,"Credit reporting, credit repair services, or other personal consumer reports",Credit reporting,Incorrect information on your report,Account status incorrect,"My Credit report shows : "" Paid. Closed. '' ( This language INACCURATELY represents the account, as the account has actually been "" Paid In Full. '' Moreover, ERC ( Company filing complaint against ) has even provided a letter showing so. Please see text copied from original PDF below : In addition, I have requested the account be RECALLED and DELETED from my credit report. The Original Creditor has also confirmed the balance as XXXX DOLLARS. 

PDF Text of Payment Letter : XXXX XXXX XXXX Mispelled first name ; should be XXXX XXXX XXXX XXXX XXXX XXXX XXXX, AR XXXX XXXX XXXX XXXX. 
XXXX, FL XXXX ( XXXX ) XXXX www.ercbpo.com/help Office Hours ( Eastern Time ) : XXXX XXXX XXXX XXXX M Th XXXX XXXX   XXXX XXXX  F XXXX XXXX XXXX XXXX Sat. 
Creditor : XXXX XXXX XXXX XXXX XXXX XXXX XXXX XXXX XXXX XXXX Account # : XXXX Balance Paid : {$410.00} Reference # : XXXX XXXX XXXX : This is to inform you that we have received payment ( s ) totaling {$410.00}. Your last payment was received in our office on XX/XX/2017. The above referenced account is paid in full. 
This agreement is contingent upon the successful clearance of all payment ( s ) made towards this offer ; if any payment ( s ) made as part of this agreement fail to clear, this letter will be null and void. 
XXXX XXXX, XXXX XXXX XXXX XXXX  XXXX",,ERC,AR,72756.0,,Consent provided,Web,5/1/2020,Closed with explanation,TRUE,,3632569
11/12/2021,"Credit reporting, credit repair services, or other personal consumer reports",Credit reporting,Incorrect information on your report,Account status incorrect,,,ERC,VA,23435.0,,Consent not provided,Web,11/12/2021,Closed with explanation,TRUE,,4904988
3/9/2018,"Credit reporting, credit repair services, or other personal consumer reports",Credit reporting,Incorrect information on your report,Account status incorrect,I have never had an account with this company nor have I entered into an agreement to pay them. This item is reporting in violation of the FCRA as well as the fair debt collection practices act section 807-8,Company believes it acted appropriately as authorized by contract or law,ERC,NC,28212.0,,Consent provided,Web,3/9/2018,Closed with explanation,TRUE,,2838902
8/11/2017,"Credit reporting, credit repair services, or other personal consumer reports",Credit reporting,Incorrect information on your report,Account status incorrect,I have a collection from the Enhanced Recovery Corp with XXXX XXXX XXXX. I have paid the debt to {$0.00} balance and it is marked as closed but I was told it would be removed from my credit report. Thank you for the awesome work you all do!,Company believes it acted appropriately as authorized by contract or law,ERC,KY,40207.0,,Consent provided,Web,8/11/2017,Closed with explanation,TRUE,,2647044
5/6/2020,"Credit reporting, credit repair services, or other personal consumer reports",Credit reporting,Incorrect information on your report,Account status incorrect,"I check my credit scores frequently via XXXX XXXX and noticed a few days ago a significant drop on my XXXX score - +30 points drop. I filed a complaint with XXXX and quickly got a reply that the {$59.00} dollar amount with a Florida collections agency representing XXXX was erroneous and was supposed removed. 

I'm checking my scores now and the drop is still on my XXXX report. 

This erroneous "" collection '' has damaged my credit for NO REASON. 

What recourse do I have? 

Current File File Number : XXXX Report Date : XX/XX/2020 Name : XXXX XXXX XXXX Address : XXXX XXXX XXXX XXXX XXXX XXXX XXXX, OR XXXX Thanks! XXXX XXXX XXXX XXXX",,ERC,OR,97212.0,Servicemember,Consent provided,Web,5/11/2020,Closed with explanation,TRUE,,3639766
5/15/2022,"Credit reporting, credit repair services, or other personal consumer reports",Credit reporting,Incorrect information on your report,Account status incorrect,"I contacted the creditor Enhanced Recovery collection ( ERC ) to pay off the balance for the amount of XXXX. We had an agreement such that the account would be removed from my credit report after paying off the balance in full. This payment was made in 2020. I just thoroughly reviewed my credit report from all three credit bureaus only to find that not only was it not removed from my report but also that it contains conflicting information on my payment status. I paid this in full but on my XXXX report, the account status states that it was paid in full for less than full balance. XXXX it show the account was paid off. All in all, I paid the account off and the agreement wasn't followed to remove account from my credit report from ALL credit reporting agencies after I agreed to pay the account off.",,ERC,PA,19153.0,Servicemember,Consent provided,Web,5/15/2022,Closed with explanation,TRUE,,5563844
10/19/2019,"Credit reporting, credit repair services, or other personal consumer reports",Credit reporting,Incorrect information on your report,Account status incorrect,"XXXX  IS UNAVAILABLE TO ME ONLINE DUE TO A COMPUTER GLITCH OF THEIRS..IT WOULD BE GREAT IF THEY KNEW HOW TO GENERATE SECURITY QUESTIONS SO I COULD USE THE SERVICE. 
THERFOR I OFFER THE FOLLOWING COMPLAINT : CREDITOR XXXX   COLLECTOR ENHANCED RECOVERY COMPANY HAS DEFRAUDED ME.I PAID XXXX DOLLARS UNDER A DURESS SETTLEMENT THAT I SHOULD HAVE PAID NOTHING. 
XXXX AT TIME OF SALE /SERVICE INTENTIONALLY WILLFULLY DEFRAUDED ME AND VIOLATED THE IMPLIED WARRANTIES LAWS OF CALIFORNIA . 
DUE TO THE UNDISCLOSED LACK OF CELL TOWER COVERAGE IN MY AREA XXXX SERVICE WAS DROPPED CALLS, INTERFERENCE, MISSED MESSAGES AND JUST GENERALLY FAILURE PRONE.SINCE XXXX KNEW THIS THEY SHOULD HAVE NEVER SOLD ME THE REASONABLE EXPECTATION OF ADEQUATE SERVICE. 
I WOULD LIKE THIS ERC ACCOUNT DELETED FROM ALL CREDIT BUREAUS.",Company believes it acted appropriately as authorized by contract or law,ERC,NV,89158.0,,Consent provided,Web,10/19/2019,Closed with explanation,TRUE,,3411008
6/17/2020,"Credit reporting, credit repair services, or other personal consumer reports",Credit reporting,Incorrect information on your report,Account status incorrect,"I paid this account in full 5 years ago I have sent many disputes and many requests for a Goodwill correction but ENHANCED RECOVERY COMPANY LLC continuously refuses to correct the tradeline on my credit report it does reflect a XXXX balance but it is listed as a derogatory account it needs to be corrected to current closed as it has not been derogatory for three years right now and trying to close on a mortgage and it is seriously inhibiting my ability to finalize the loan. My closing date is XX/XX/XXXX and my underwriter with the USDA said this needs to be corrected as it is. Derogatory it should be listed as current closed. 
It is against the Fair Credit Reporting Act to keep harming somebody's ability to acquire new credit by listing is satisfied account as derogatory. 
This item needs to be deleted or corrected. 
I have the tempted many phone calls letters and disputes enhanced recovery collections is blatantly being vindictive despite the fact that this account was paid in full and has not been in collections for 5 years.",,ERC,MN,55084.0,,Consent provided,Web,6/17/2020,Closed with non-monetary relief,TRUE,,3703679
9/6/2022,"Credit reporting, credit repair services, or other personal consumer reports",Credit reporting,Incorrect information on your report,Account status incorrect,"After seeing a collection report to my credit file I hurried and called this company, never got anything in the mail, I was told I owe and if I took care of it, they would remove it. I took care of it and it is still reporting. I don't know if it's just the credit bureaus just not doing there job. Please help",,ERC,MO,64448,,Consent provided,Web,9/6/2022,Closed with explanation,TRUE,,5954523
2/16/2017,Debt collection,"Other (i.e. phone, health club, etc.)",Communication tactics,Frequent or repeated calls,,Company believes it acted appropriately as authorized by contract or law,ERC,WI,53144,,Consent not provided,Web,2/22/2017,Closed,TRUE,FALSE,2348929
7/22/2021,Debt collection,Other debt,Communication tactics,Frequent or repeated calls,,,ERC,NY,11207.0,,Consent not provided,Web,7/22/2021,Closed with explanation,TRUE,,4568408
1/29/2016,Debt collection,"Other (i.e. phone, health club, etc.)",Communication tactics,Frequent or repeated calls,"Did not Identify themselves, nor give a name, said that it was attempt to collect a debt, called me at work, and said it was for XXXX in which I have not had in 7 or eight years.",Company believes it acted appropriately as authorized by contract or law,ERC,DE,19938,,Consent provided,Web,2/26/2016,Closed with non-monetary relief,TRUE,FALSE,1764647
9/1/2015,Debt collection,"Other (i.e. phone, health club, etc.)",Communication tactics,Frequent or repeated calls,,Company believes it acted appropriately as authorized by contract or law,ERC,NC,27410,"Older American, Servicemember",Consent not provided,Web,9/1/2015,Closed with explanation,TRUE,FALSE,1546121
1/18/2018,Debt collection,Other debt,Communication tactics,Frequent or repeated calls,"To : XXXX XXXX XXXX XXXX XXXX XXXX XXXX, FL XXXX ( XXXX ) XXXX From : XXXX XXXX XXXX XXXX XXXX XXXX XXXX XXXX XXXX PA XXXX RE : Debt Validation Request Per Section 809 ( FDCPA ) To Whom It May Concern please be advised that this is not a refusal to pay, but a notice that your claim is being disputed and validation is requested. Under the Fair Debt collection Practices Act ( FDCPA ), I have the right to request validation of the debt that you say I owe you. I am requesting proof that I am indeed the party you are asking to pay this debt, and is there some contractual obligation that is binding on me to pay this alleged debt. Prove to me beyond a reasonable doubt that I have a signed contract with your company XXXX XXXX XXXX agreeing to pay this assigned debt. Please prove that you are the original creditor. This is NOT a request for verification or proof of my mailing address, nor is it a request for ownership of legal rights to a debt but a request for VALIDATION made pursuant to 15 USC 1692g Sec. 809 ( b ) of the FDCPA. I hereby order you and respectfully request that your offices provide me with competent evidence that I have any legal obligation to pay you. At this time I will also inform you that if your offices have or continue to report invalidated information to any of the three major credit bureaus ( XXXX, XXXX, XXXX XXXX ), this action might constitute fraud under both federal and state laws. Due to this fact, if any negative mark is found or continues to report on any of my credit reports by your company or the company you represent, I will not hesitate in bringing legal action against you and your client for the following : Violation of the Fair Debt Collection Practices Act and Defamation of Character. I am sure your legal staff will agree that non-compliance with this request could put your company in serious legal trouble with the FTC and other state or federal agencies. If your offices are able to provide the proper documentation as requested in the following declaration, I will require 30 days to investigate this information and during such time all collection activity must cease and desist. Also, during this validation period, if any action is taken which could be considered detrimental to any of my credit reports, I will consult with my legal counsel for a civil suit. This includes any listing of any information to a credit-reporting repository that could be inaccurate or invalidated. If your offices fail to respond to this validation request and fail to prove that you are the original creditor with proof of a signed agreement within 30 days from the date of your receipt, all references to this account must be deleted and completely removed from my credit report and a copy of such deletion request shall be sent to me immediately. It would be advisable that you and your client assure that your records are in order before I am forced to take legal action. Regards XXXX XXXX XXXX cc Federal Trade Commission XXXX XXXX XXXX XXXX XXXX XXXX",Company believes it acted appropriately as authorized by contract or law,ERC,PA,19007.0,,Consent provided,Web,2/1/2018,Closed with explanation,TRUE,,2785584
5/1/2015,Debt collection,"Other (i.e. phone, health club, etc.)",Communication tactics,Frequent or repeated calls,,Company believes it acted appropriately as authorized by contract or law,ERC,PA,18109,,,Fax,5/5/2015,Closed with non-monetary relief,TRUE,TRUE,1357219
9/18/2021,Debt collection,I do not know,Communication tactics,Frequent or repeated calls,,,ERC,CA,90043.0,,Consent not provided,Web,9/18/2021,Closed with explanation,TRUE,,4732916
7/16/2015,Debt collection,I do not know,Communication tactics,Frequent or repeated calls,,Company believes it acted appropriately as authorized by contract or law,ERC,NM,87508,,,Referral,7/22/2015,Closed with explanation,TRUE,FALSE,1472935
10/17/2013,Debt collection,"Other (i.e. phone, health club, etc.)",Communication tactics,Frequent or repeated calls,,,ERC,TX,78660,,,Web,10/21/2013,Closed with non-monetary relief,TRUE,FALSE,561525
1/24/2017,Debt collection,I do not know,Communication tactics,Frequent or repeated calls,,Company believes it acted appropriately as authorized by contract or law,ERC,GA,30316,,Consent not provided,Web,1/24/2017,Closed,TRUE,FALSE,2308245
2/24/2019,Debt collection,Other debt,Communication tactics,Frequent or repeated calls,,Company believes it acted appropriately as authorized by contract or law,ERC,TN,37777.0,,Consent not provided,Web,2/24/2019,Closed with explanation,TRUE,,3161388
11/22/2019,Debt collection,Other debt,Communication tactics,Frequent or repeated calls,This account was paid in full the XXXX XXXX XXXX website,Company believes it acted appropriately as authorized by contract or law,ERC,VA,20153.0,,Consent provided,Web,11/22/2019,Closed with explanation,TRUE,,3447775
3/23/2017,Debt collection,"Other (i.e. phone, health club, etc.)",Communication tactics,Frequent or repeated calls,,Company believes it acted appropriately as authorized by contract or law,ERC,GA,30058,,Consent not provided,Web,3/23/2017,Closed,TRUE,FALSE,2398473
6/23/2021,Debt collection,Other debt,Communication tactics,Frequent or repeated calls,,,ERC,PA,19139.0,,Consent not provided,Web,6/23/2021,Closed with explanation,TRUE,,4486186
9/16/2014,Debt collection,Credit card,Communication tactics,Frequent or repeated calls,,,ERC,TN,37756,,,Web,9/16/2014,Closed with non-monetary relief,TRUE,FALSE,1031389
3/31/2015,Debt collection,I do not know,Communication tactics,Frequent or repeated calls,They have called my cell XXXX times and only let the phone ring XXXX before hanging up.,Company believes it acted appropriately as authorized by contract or law,ERC,LA,70471,,Consent provided,Web,4/7/2015,Closed with non-monetary relief,TRUE,FALSE,1308845
1/24/2015,Debt collection,"Other (i.e. phone, health club, etc.)",Communication tactics,Frequent or repeated calls,,,ERC,TX,76107,,,Web,1/28/2015,Closed with explanation,TRUE,FALSE,1208011
4/3/2017,Debt collection,"Other (i.e. phone, health club, etc.)",Communication tactics,Frequent or repeated calls,They are calling daily demanding payment on something I know nothing about. I do n't know what ERC is or why I 'm being harassed.,Company believes it acted appropriately as authorized by contract or law,ERC,TX,77485,,Consent provided,Web,4/3/2017,Closed with explanation,TRUE,FALSE,2415630
8/10/2015,Debt collection,I do not know,Communication tactics,Frequent or repeated calls,,Company believes it acted appropriately as authorized by contract or law,ERC,MD,20659.0,Older American,,Phone,8/12/2015,Closed with explanation,TRUE,FALSE,1511816
10/17/2014,Debt collection,I do not know,Communication tactics,Frequent or repeated calls,,Company believes it acted appropriately as authorized by contract or law,ERC,MD,21784,Older American,,Phone,9/30/2015,Closed with non-monetary relief,TRUE,FALSE,1075568
3/3/2020,"Credit reporting, credit repair services, or other personal consumer reports",Credit reporting,Incorrect information on your report,Account information incorrect,"I open an account with XXXX in XXXX and it went delinquent in XXXX. This was placed on my credit report in XXXX. I was contacted by diversified consultant about paying this account but they were never willing to negotiate. Now a new collection debt agency has taken over the account and reported this to the credit report bureaus as an account that went delinquent in XX/XX/XXXX. This has affected my XXXX XXXX and I need them to report this information correctly to all Credit Report Bureau. 

The account with XXXX was opened in XXXX and it went delinquent in XXXX not XXXX.",,ERC,TX,77039.0,,Consent provided,Web,3/3/2020,Closed with explanation,TRUE,,3552749
2/8/2018,"Credit reporting, credit repair services, or other personal consumer reports",Credit reporting,Incorrect information on your report,Account information incorrect,XXXX XXXX falsely claimed to a collection agency XXXX XXXX XXXX that I owe them {$100.00} from 2015 citing an account number that is not mine. I still have a different XXXX XXXX account number with a zero balance on automatic payments. I believe XXXX XXXX is either negligent or engaging in illegal business practices to try and force me to pay them money they are not owed.,Company believes it acted appropriately as authorized by contract or law,ERC,CO,80903.0,,Consent provided,Web,2/14/2018,Closed with explanation,TRUE,,2808074
3/30/2022,"Credit reporting, credit repair services, or other personal consumer reports",Credit reporting,Incorrect information on your report,Account information incorrect,,,ERC,CT,6901.0,,,Phone,3/30/2022,Closed with explanation,TRUE,,5384516
9/6/2020,"Credit reporting, credit repair services, or other personal consumer reports",Credit reporting,Incorrect information on your report,Account information incorrect,"Enhanced Recovery Company LLC continues to violate the Fair Debt Reporting Act and the Fair Debt Collection Act. Enhanced Recovery Company LLC willfully and willing re-aged this alleged debt knowing violating the consumer laws for the FDRA and the FDCA.

Re-aging a alleged debt is illegal.",,ERC,CA,93308.0,,Consent provided,Web,9/6/2020,Closed with explanation,TRUE,,3833465
7/7/2021,"Credit reporting, credit repair services, or other personal consumer reports",Credit reporting,Incorrect information on your report,Account information incorrect,,,ERC,CA,96158.0,,Consent not provided,Web,7/7/2021,Closed with explanation,TRUE,,4520499
5/9/2018,"Credit reporting, credit repair services, or other personal consumer reports",Credit reporting,Incorrect information on your report,Account information incorrect,,Company believes it acted appropriately as authorized by contract or law,ERC,MT,59718.0,,Consent not provided,Web,5/9/2018,Closed with explanation,TRUE,,2900824
1/20/2021,"Credit reporting, credit repair services, or other personal consumer reports",Credit reporting,Incorrect information on your report,Account information incorrect,I had a sprXXXXnt account back in XXXX which was paid in full. Now suddenly XXXX is reporting a collection account in my name recently. The information provided on the credit report is inaccurate. I did not have a sprint account In XXXX. I need this information removed immediately. And sprint has failed to provide documents showing I had a XXXX  account in XXXX.,,ERC,MD,21901.0,,Consent provided,Web,1/20/2021,Closed with explanation,TRUE,,4080159
8/4/2021,"Credit reporting, credit repair services, or other personal consumer reports",Credit reporting,Incorrect information on your report,Account information incorrect,,,ERC,GA,30228.0,,Consent not provided,Web,8/4/2021,Closed with explanation,TRUE,,4603860
12/3/2022,"Credit reporting, credit repair services, or other personal consumer reports",Credit reporting,Incorrect information on your report,Account information incorrect,"I have reached out to XXXX and Enhanced Recovery on multiple occasions, through several different avenues, throughout this past year in attempt to dispute the following information that appears on my XXXX or XXXX and/or XXXX XXXX report ( XXXX ) : * Date of Last Activity * Date Reported * Date Opened * Closed Date * Last Payment However, this inaccurate information is still being verified and reported by XXXX and the credit bureaus each month. The information can not be both valid and different. Each bureau is reporting different data in each category. I request the XXXX account XXXX be removed immediately from my credit report with XXXX XXXX XXXX XXXX and XXXX XXXX XXXX is in direct violation of my rights under FCRA by reporting inaccurately. 

Also when attempting to make contact in order to resolve my concern, XXXX refuses to assist and forwards me to Enhanced Recovery Company. When I contact Enhance Recovery, they inform me that XXXX is reporting to credit bureaus not ERC, therefor they can not assist with the inaccurate reporting. An ERC representative on the phone informed me they do not report data to credit agencies, they collect only and the information being provided is coming from XXXX XXXX. I have been sent back and forth between the two companies with no resolve. 

I can not verify or validate any of the information on my credit report concerning XXXX. I have contacted XXXX on several occasions but XXXX refuses to report accurately. 

I request account XXXX be deleted immediately from my credit report.",,ERC,NC,28214.0,Servicemember,Consent provided,Web,12/3/2022,Closed with explanation,TRUE,,6275970
5/25/2020,"Credit reporting, credit repair services, or other personal consumer reports",Credit reporting,Incorrect information on your report,Account information incorrect,,,ERC,CA,93111.0,,Other,Web,5/25/2020,Closed with explanation,TRUE,,3667299
2/21/2020,"Credit reporting, credit repair services, or other personal consumer reports",Credit reporting,Incorrect information on your report,Account information incorrect,,,ERC,WI,53224.0,,Consent not provided,Web,2/21/2020,Closed with explanation,TRUE,,3539762
6/7/2020,"Credit reporting, credit repair services, or other personal consumer reports",Credit reporting,Incorrect information on your report,Account information incorrect,"InXX/XX/XXXXXX/XX/XXXX I opened a XXXX account at the XXXX XXXX Location to buy a set of Cribs for my Sister in Laws ' baby shower for her XXXX. I opened this account because they sent me a {$1000.00} credit limit credit card in the mail. We spent about {$390.00} for the 2 cribs and one other item. We agreed to pay about {$94.00} a month for 4 months. We never recieved a paper copy of this contract. On Friday XX/XX/XXXX I called to make a payment. I asked the person how much was owed and he informed me that one of the payments was passed due but not 30 days past due. He told me that 2 payments were due. I asked him to take one payment, on a recorded line, on my debit card and that I would call the following week to bring the account current. When the charge came through my bank, I realized he had in fact charged us 2 payments and the amount taken was {$190.00}. I called back the very same day and explained to the person I spoke with that I authorized them to charge me only one payment and not 2 payments and the representative charged us 2 payments. He assured me that he would issue a refund and that the refund would come back to us the following week 3-5 business days later. He then informed me that because he issued a refund the account would be passed due unless I paid an additional payment. So I paid an additional payment with the understanding that the refund would be issued the following week. He also informed me that my bank account would not show the new charge until Monday XX/XX/XXXX because the business day had closed by then. So Monday, XX/XX/XXXX the third charge of {$100.00} was taken out of our ccount. No refund was ever issued for these 3 payments. I called the company on a weekly and sometimes daily frequency to get the refund issued and was passed from representative to representative over the course of the next several months and the refund was still never issued. Because of this triple charge other things on the account were not able to be paid and there were overdraft fees and a whole bunch of problems with our bank because of these charges that were never authorized. I eventually had to contact XXXX XXXX XXXX XXXX ( my bank ) and ask them to pursue the company for the triple charge. A dispute was filed, and eventually XXXX was forced to issue the refund. Once they finally issued the refund several months later at the end of XX/XX/XXXX, the dipute was lifted and I paid the account to current in 2 payments of {$210.00} on XX/XX/XXXX, and XX/XX/XXXX to close the account. Once the dispute was complete, they penalized me by reporting to all 3 credit bureaus that my account was 90 days, and 60 days past due even though there was an active dipuste ( This is account FTC laws as I understand them ). This has prevented us from being able to get a mortgage and highly impacted my credit scores. However, this was not the end of the issue. We were unaware that they reported this account 90-60 days past due as this showed up on our credit later, and we got another account with them. They had to run our credit again and gave us a different credit limit and opened a new account on our credit reports. This new account was paid earlier than agreed and closed in XX/XX/XXXX, yet it is still reporting open and with late payments. The current account that is reporting that it was 90 days and 60 days late was in fact opened in XX/XX/XXXX. How is it possible for it to have been 90 days late and 60 days late in XXXX, XXXX, XXXX, and XX/XX/XXXX if it wasn't opened in XX/XX/XXXX? I have approached the company asking them to coorect these various issues. Each time I call I am given a different answer, I called once they told me it would be deleted within 3-5 business days, then I was told they can't delete it because it was in fact late even though there was an open dispute, then they told me they would escalate it and return my call, and each time the account remains the same and now when I call they transfer me directly to a voicemail and my call is never returned. I have disputed this account on the credit beruaes to no avail.",,ERC,CA,93551.0,,Consent provided,Web,6/7/2020,Closed with non-monetary relief,TRUE,,3687431
9/20/2019,"Credit reporting, credit repair services, or other personal consumer reports",Credit reporting,Incorrect information on your report,Account information incorrect,XXXX has not updated the account owned by ENHANCED RECOVERY COMPANY.it has been investigated and this account was removed completely from my report. Please can you please remove it to. Please dont close it. Please remove it I read closed account can have negative impact on credit report. Im trying very hard to fix my credit. I disputed this on XX/XX/19. Dispute report # is XXXX,Company believes it acted appropriately as authorized by contract or law,ERC,FL,32129.0,,Consent provided,Web,9/20/2019,Closed with explanation,TRUE,,3380382
3/27/2020,Debt collection,Other debt,Communication tactics,Called before 8am or after 9pm,,,ERC,FL,32803.0,,Consent not provided,Web,3/27/2020,Closed with explanation,TRUE,,3582685
2/24/2019,Debt collection,Other debt,Communication tactics,Called before 8am or after 9pm,,Company believes it acted appropriately as authorized by contract or law,ERC,FL,33401.0,,Consent not provided,Web,2/24/2019,Closed with explanation,TRUE,,3161783
5/12/2018,Debt collection,Other debt,Communication tactics,Called before 8am or after 9pm,,Company believes it acted appropriately as authorized by contract or law,ERC,NY,11416.0,,Consent not provided,Web,5/12/2018,Closed with explanation,TRUE,,2904589
12/2/2019,Debt collection,Credit card debt,False statements or representation,Attempted to collect wrong amount,"Enhanced recovery erroneously created a 1-month debt collection on my XXXX   credit report. I discovered this while applying for a home loan. They put on as a debt in XXXX and said it was paid in XXXX. Leaving on my XXXX Credit report. I am requesting that this company immediately delete this entry in my report. 

6. ENHANCED RECOVERY CO XXXX XXXX XXXX ) Decode XXXX I XXXX XXXX XXXX CLOSED XXXX CURRENT XXXX XXXX XXXX XXXX XXXX XXXX Hist : XXXX XXXX CLSD XXXX APP Ctgy : COLLECTION Term : 1 MO ACCT SUBMITTED TO COLLECTION PAID 14. ENHANCED RECOVERY CO L ( XXXX ) ( XXXX ) XXXX, XXXX XXXX XXXX, XXXX, FL XXXX",,ERC,TX,78229,Servicemember,Consent provided,Web,12/2/2019,Closed with explanation,TRUE,,3455625
8/19/2016,Debt collection,"Other (i.e. phone, health club, etc.)",False statements or representation,Attempted to collect wrong amount,Phone service was suppose to be disconnected. Because I was lied to about services offered. They waited longer period of time to disconnect and then wanted to charge me more.,Company believes it acted appropriately as authorized by contract or law,ERC,KY,42066,,Consent provided,Web,8/19/2016,Closed with non-monetary relief,TRUE,FALSE,2069970
3/6/2023,Debt collection,Other debt,False statements or representation,Attempted to collect wrong amount,,,ERC,CO,80524.0,,,Web,3/6/2023,Closed with explanation,TRUE,,6653817
7/9/2020,Debt collection,Other debt,False statements or representation,Attempted to collect wrong amount,Enhanced recovery corporation has been trying to collect a debt on behalf of XXXX. The issue is this debt is well over 7 years old and several times throughout the past few years enhanced recovery renews it and restarts the clock. I have had 0 communication with the company during this time and need these removed permanently from my report. I have disputed them in the past and has them removed only to have them come back with a new open date.,,ERC,NM,87144.0,,Consent provided,Web,7/9/2020,Closed with explanation,TRUE,,3737343
3/2/2015,Debt collection,"Other (i.e. phone, health club, etc.)",False statements or representation,Attempted to collect wrong amount,,,ERC,WA,98199.0,Older American,,Web,3/11/2015,Closed with non-monetary relief,TRUE,FALSE,1263913
1/10/2015,Debt collection,"Other (i.e. phone, health club, etc.)",False statements or representation,Attempted to collect wrong amount,,,ERC,MI,48028,,,Web,1/10/2015,Closed with non-monetary relief,TRUE,FALSE,1189326
9/18/2017,Debt collection,Other debt,False statements or representation,Attempted to collect wrong amount,"ERC Collection Creditor Phone Number XXXX XXXX XXXX XXXX Creditor Address XXXX XXXX XXXX XXXX, FL XXXX This company has re-aged a collection account. The date opened is being reported as XX/XX/XXXX however, this account was placed for collection with the Original Creditor - XXXX - in XX/XX/XXXX. This is a clear violation of FCRA laws.",Company believes it acted appropriately as authorized by contract or law,ERC,FL,33579.0,,Consent provided,Web,9/18/2017,Closed with explanation,TRUE,,2677218
7/1/2015,Debt collection,"Other (i.e. phone, health club, etc.)",False statements or representation,Attempted to collect wrong amount,"Enhanced Recovery collection is reporting on my credit reports a bill, that has been on my credit reports on and off for over 20 YEARS. The account # XXXX first appeared on my credit report in XXXX XXXX with XXXX. 

It was then sold to XXXX XXXX and re reported with account # XXXX in XXXX of XXXX. 

It was then sold to XXXX and re reported with account # XXXX in XXXX XXXX. 

It was then sold to XXXX XXXX and re reported with account # XXXX in XXXX XXXX. 

It was then sold to XXXX XXXX and re reported with account # XXXX in XXXX XXXX. 

It was then sold to XXXX. XXXX XXXX and re reported with account # XXXX in XXXX XXXX. 

It has now been sold to Enhanced Recovery Collections with the account # XXXX in XXXX XXXX and updated by Enhanced Recovery Collections in XXXX XXXX.",Company believes the complaint is the result of a misunderstanding,ERC,FL,32859,,Consent provided,Web,7/13/2015,Closed with non-monetary relief,TRUE,TRUE,1446343
10/11/2014,Debt collection,"Other (i.e. phone, health club, etc.)",False statements or representation,Attempted to collect wrong amount,,,ERC,OK,73107,,,Web,10/11/2014,Closed with non-monetary relief,TRUE,FALSE,1068072
2/23/2020,Debt collection,Other debt,False statements or representation,Attempted to collect wrong amount,,,ERC,NV,89178.0,,Consent not provided,Web,2/23/2020,Closed with explanation,TRUE,,3541566
11/15/2016,Debt collection,"Other (i.e. phone, health club, etc.)",False statements or representation,Attempted to collect wrong amount,"On XXXX/XXXX/16 ERC ( a collection company in XXXX FL ) sent a collection letter to my California home address, with a name similar to mine ( with incorrect spelling ), claiming that I owe a debt for services never solicited or rendered. I have never had XXXX XXXX XXXX services at my home. For the past 8 years my landlord has provided all utilities ( including our XXXX XXXX XXXX XXXX cable services ) in her name. I am concerned about fraud on the part of ERC, XXXX XXXX XXXX or an unidentified third party individual. ERC states in the bill sent to my address that these charges will be validated if I fail to respond within 30 days. This is not my debt.",Company believes the complaint is the result of a misunderstanding,ERC,CA,91306,,Consent provided,Web,11/15/2016,Closed with non-monetary relief,TRUE,FALSE,2206311
3/16/2021,Debt collection,Other debt,False statements or representation,Attempted to collect wrong amount,,,ERC,SC,29307.0,Servicemember,Consent not provided,Web,3/16/2021,Closed with explanation,TRUE,,4216664
2/28/2014,Debt collection,"Other (i.e. phone, health club, etc.)",False statements or representation,Attempted to collect wrong amount,,,ERC,NY,14305.0,,,Web,2/27/2014,Closed with non-monetary relief,TRUE,FALSE,737110
12/27/2019,Debt collection,Other debt,False statements or representation,Attempted to collect wrong amount,"XXXX and Enhanced Recovery. I was a XXXX customer for years while living in XXXX. In XXXX, I moved to XXXX and the phone service basically did not work. For 6 months I complained to the company about the dropped calls and no service and there was nothing they did. I kept asking to be let out of the contract so I can get a different phone company because their service did not work well or sometime NOT AT ALL in XXXX at that time. XXXX breached the contract because they did not provide the service I was paying for. I stopped paying for the service because I was not getting any service. They should not be able to charge me for service they could not provide. I was not going to continue to pay for service that I was not receiving. This was in XXXX and this year, their collection agency re-put this on my credit. XXXX would not remove this from my report. This is not fair that a company can keep putting a claim on my account when they are the cause of the cost.",,ERC,TX,78665.0,,Consent provided,Web,12/27/2019,Closed with explanation,TRUE,,3479143
1/21/2019,Debt collection,Other debt,False statements or representation,Attempted to collect wrong amount,This company is reporting this incorrect debt under two different company names using same address out of XXXX fl. XXXX XXXX and XXXX XXXX. They are also reporting the account is less than a year old under XXXX XXXX  and 3 years old under XXXX XXXX. The original account was with XXXX more than 15 yrs ago when XXXX  bought XXXX. The account has been closed more than 7yrs because of charges by XXXX that were incorrect which lead to the termination of relationship with XXXX.,Company believes it acted appropriately as authorized by contract or law,ERC,IL,60471.0,,Consent provided,Web,1/31/2019,Closed with explanation,TRUE,,3129580
1/23/2018,Debt collection,Other debt,False statements or representation,Attempted to collect wrong amount,Years ago I had a cell phone account with XXXX XXXX XXXX. I went through the proper steps to close the account and moved to a different provider. XXXX XXXX XXXX continued to send me bills for service in which I had ended. I repeatedly called their customer service and they would say it has been resolved. Years later I continued getting a bill saying I owed for service in which I did not have. I learned later that XXXX XXXX XXXX has class action suits against them for the same practices. Eventually they turned my bill over to a collection agency in which I have zero correspondence. It shows on my credit report.. XXXX XXXX XXXX has XXXX tactics and poor customer service. If they were to pull up the account for the dates years ago they would see that there was no active account and no activity on the account. I think with research it will be found that XXXX XXXX XXXX has done this with many others.,Company believes it acted appropriately as authorized by contract or law,ERC,OK,74105.0,,Consent provided,Web,1/23/2018,Closed with explanation,TRUE,,2791276
1/14/2017,Debt collection,"Other (i.e. phone, health club, etc.)",False statements or representation,Attempted to collect wrong amount,ERC is fraudulently reporting my credit information and re-aging my account. They are fraudulently reporting the account as being 1yr and 11months old when in fact the account is close to 6 years old in order to prevent the account from closing due to reaching statute of limitations.,Company believes it acted appropriately as authorized by contract or law,ERC,CT,06070,,Consent provided,Web,1/14/2017,Closed with non-monetary relief,TRUE,FALSE,2288869
5/7/2014,Debt collection,"Other (i.e. phone, health club, etc.)",False statements or representation,Attempted to collect wrong amount,,,ERC,GA,30470,,,Web,5/7/2014,Closed with non-monetary relief,TRUE,FALSE,841503
3/17/2015,Debt collection,"Other (i.e. phone, health club, etc.)",False statements or representation,Attempted to collect wrong amount,,,ERC,CA,90211,,,Phone,3/18/2015,Closed with non-monetary relief,TRUE,FALSE,1287092
3/23/2018,Debt collection,Credit card debt,False statements or representation,Attempted to collect wrong amount,,Company believes it acted appropriately as authorized by contract or law,ERC,,,,,Phone,3/23/2018,Closed with explanation,TRUE,,2852966
2/9/2017,Debt collection,I do not know,False statements or representation,Attempted to collect wrong amount,I dont know what happen and what this is but forsure this is not something i did at all,Company believes it acted appropriately as authorized by contract or law,ERC,CA,90723,,Consent provided,Web,2/14/2017,Closed,TRUE,FALSE,2335716
2/11/2018,Debt collection,Other debt,False statements or representation,Attempted to collect wrong amount,,Company believes it acted appropriately as authorized by contract or law,ERC,KY,42274.0,,Consent not provided,Web,2/11/2018,Closed with explanation,TRUE,,2810312
5/1/2017,Debt collection,Other debt,False statements or representation,Attempted to collect wrong amount,I have not had a contract with  XXXX . The Debt is not mines. the creditors continue to remove the debt and then reinsert it back on my credit with a new date,Company believes it acted appropriately as authorized by contract or law,ERC,TX,77450,,Consent provided,Web,5/3/2017,Closed with explanation,TRUE,,2472992
6/10/2015,Debt collection,"Other (i.e. phone, health club, etc.)",False statements or representation,Attempted to collect wrong amount,"In the year of 2013, I contracted XXXX as my cell phone provider with XXXX phone lines. 
As time went out I realized that XXXX had not a good cellphone coverage where I live, I contacted customer support and was given the run around, they told me that I could cancel. Never told me that I had to pay for the cancellation of the lines. 
Next thing you know, I started getting harassing calls from Debt Collector trying to collect {$1500.00} for cancellation. The caller gave me a settlement for $ XXXX put me on a payment plan that everytime I would get paid the money would be taken out in which I agreed. 
after paying the {$1000.00} I noticed that they continued to take out an extra {$200.00}. I called and asked them why, and they said that since I did n't pay the account in one month the settlement would have been cancelled- they failed at telling me this. 
Now I have a balance of {$350.00} and sent me to collections which has affected my credit- they lied to me so for a {$1500.00} I paid {$1200.00} which was {$200.00} over our agreement and now I 'm in collections! Please help me.",Company believes it acted appropriately as authorized by contract or law,ERC,FL,33565,,Consent provided,Web,6/18/2015,Closed with non-monetary relief,TRUE,FALSE,1414888
4/30/2017,Debt collection,Other debt,False statements or representation,Attempted to collect wrong amount,"On  XXXX   XXXX ,  2017 , I wrote a letter to Enhanced Recovery Corporation that also goes by ERC a collection Company, of notice disputing their claim of this alleged debt with their client  XXXX   XXXX  also known as   XXXX   and requested documentation of such, with no response from them. So I filed a formal complaint with the Consumer Financial Protection Bureau case number  XXXX . Enhanced Recovery Corporation or ERC responded back to my complaint on  XXXX   XXXX ,  2017 , stating quote "" In response to  XXXX   XXXX  's complaint, ERC has no record of a   XXXX   XXXX   account matching his information ''. I have confirmed with the credit bureaus   XXXX    and  XXXX   XXXX  that Enhanced Recovery Corporation is reporting this alleged debt twice once under the  Name Enh anced Recovery Corporation and the second under ERC. Enhanced Recovery Corporation and or ERC are still not reporting to the credit bureaus that this account is in dispute and still not have provided the documentation as requested of this alleged debt as required by law and are in violation of the Fair Debt Collections Practice Act ( FDCPA ). They have intentionally misrepresented the truth to CFPB and I have the supporting documentation from the credit bureaus stating as such.",Company believes it acted appropriately as authorized by contract or law,ERC,MN,55024,,Consent provided,Web,4/30/2017,Closed with non-monetary relief,TRUE,,2471054
6/16/2020,Debt collection,Other debt,False statements or representation,Attempted to collect wrong amount,"In XX/XX/XXXX, As a ten year XXXX XXXX customer, I underwent a phone upgrade while adding an additional line to my wireless service. During the process, the free phone purchase was applied to the incorrect line and required XXXX customer service to correct the service lines. Unfortunately, a supposed unexplainable error occurred impacting my account and required numerous finance technicians to correct the matter which unfortunately resulted in major account discrepancies and a sudden balance of XXXX which I was initially informed should be offset or corrected in the upcoming billing cycle. As a long time XXXX customer, I had no reason to question or distrust this answer. 

it should be noted that XXXX policy requires accounts to be current before processing any upgrades of new line activations. If such balance existed on my account, the upgrade would not have been permitted. 

Through numerous attempts to correct the discrepancy, XXXX representatives were unable to identify the error, the account was somehow modified with a XXXX balance for illegitimate charges including for the remaining lease of a phone which XXXX required be paid in full in order to upgrade and was done so, yet the next bill reflected a balance for the cost of two phones simultaneously tied to one individual phone line, a circumstance not allowable per XXXX policy. Remaining balance for the remaining lease of the phone was paid in full with cash in store while the new phone was free as part of a promotion with activation of a new line. This was the arrangement I signed and paid for, yet modified during the correction of the phone lines. 

Numerous attempts to address the issue have been made, but XXXX representatives have been unable to understand the issue as my entire account was modified unexplainably and resulting in account changes that are incorrect, exploitive and fraudulent. 

A XXXX balance is unrealistic as XXXX only allowed a XXXX credit limit, a XXXX balance would not have been approved under any circumstance and would have been disconnected at the XXXX mark, but in no circumstance would XXXX have allowed me to accumulate a bill that high, the charges were sudden, erroneous and illegitimate and are being pursued fraudulently. 

As a result of the inability to understand and correct the issue, I was stuck with a XXXX balance and service termination due to my inability and unwillingness to pay these illegitimate charges. XXXX has forwarded this item to collections, and despite numerous requests for validation of the amount and dispute, I am yet to receive any logical explanation or documentation substantiating the issue and have been significantly impacted from a credit standpoint as well as hindering my ability to obtain wireless service from any provider.",,ERC,CA,95133.0,,Consent provided,Web,6/16/2020,Closed with explanation,TRUE,,3700905
4/17/2017,Debt collection,"Other (i.e. phone, health club, etc.)",False statements or representation,Attempted to collect wrong amount,,Company believes it acted appropriately as authorized by contract or law,ERC,CA,92312,,Consent not provided,Web,4/17/2017,Closed,TRUE,FALSE,2438406
2/10/2017,Debt collection,"Other (i.e. phone, health club, etc.)",False statements or representation,Attempted to collect wrong amount,,Company believes it acted appropriately as authorized by contract or law,ERC,CA,93003,,,Postal mail,3/9/2017,Closed,TRUE,FALSE,2337878
6/8/2020,Debt collection,Other debt,False statements or representation,Attempted to collect wrong amount,"- On XX/XX/XXXX I went to an XXXX  store with my wife to buy an XXXX. While there the salesman offerred us a special joing XXXX/XXXX  "" special '' because we were buying an XXXX. The special was that XXXX would install their system for free and that we would only have to pay about $ XXXX/month for basic service ( we only considered it for our young son to watch cartoons on basic service, we don't watch any premium services ). They explained only our first bill would reflect some fees ( totaling about {$130.00}, that we had to pay ( that would be "" rebated '' ) and that our service would be about {$30.00} thereafter. 

- On XX/XX/XXXX they installed the system - The first bill we received in XXXX was for {$70.00} ( almost twice what we had agreed upon ). I called to dispute, sitting on hold for more than an hour waiting for various people to help me. They apologized and said it would be corrected on the next bill. 

- The next bill came in XXXX and was also $ XXXX ( twice what was represented. ) I called again to dispute and again sat on hold for more than an hour. At this point they said they couldn't discuss until the account was not delinquent so I paid the {$150.00} amount ( for 2 months ). Again, they told me the amount would be corrected on the next bill. 

- The next bill came in XXXX and was even higher at {$82.00}! Again I called to complain, again sat on hold for more than an hour and again was told it would be "" escalated & corrected ''. I told them if they couldn't correct the constant billing errors to take back their equipment and cancel my service. They apologized profusely and assured me this time it would be corrected. It never was. 

- The next bill came in XXXX and like the others before was more than twice represented, again I sat on hold for more than an hour and again was told they couldn't discuss until the account was not delinquent so I paid the {$130.00} amount ( for 2 months ). Again, they told me the amount would be corrected on the next bill. 

- The next bill came and FINALLY, after 5 months, was the correct amount at about {$30.00}. 

- This would only last about a month, as the next one came in as before at double that again. By XXXX we were back to XXXX XXXXmonth and {$110.00} past due and I had a new regular monthly job waiting on hold for hours at a time XXXX. 

- By XXXX I was feeling like I had been straight out defrauded and shaken down ( every month needing to do multiple hour+ long calls ) So I contacted XXXX to speak to a manager about being defrauded and filled out an XXXX/XXXX  dispute form. They told me that they couldn't help me because the contract I had was actually with a "" division of XXXX that was especially for XXXX  and not XXXX itself '' and that I'd need to contact the XXXX/XXXX. I contacted the XXXX/XXXX  and was told the exact opposite. Each phone call an hour plus and each phone call ( that I wasn't disconnected, transferred or hung up on afte waiting an hour+ ) ended in me being told they couldn't help me and that I'd have to call the other. 

- By XX/XX/XXXX, I was given a FINAL NOTICE that my service would be terminated and that I owed {$130.00} ( I had been double charged and been double paying for almost a year at this point ), called for another hour+ call and told them to come pick up their equipment that I had been defrauded and didn't want the service anymore. They said they would send someone to pick up the equipment. As usual, they never did what they said, no one showed up, and on XX/XX/XXXX the disconnected my service and said I owed ( somehow 5 days later ) now {$150.00}. 

- My bank checked my credit which to my shock showed a XXXX collection of {$680.00}!!! I have been defrauded by XXXX/XXXX  an now they have also ruined my credit!!!",,ERC,FL,34787.0,,Consent provided,Web,6/8/2020,Closed with explanation,TRUE,,3689409
4/9/2019,Debt collection,Credit card debt,False statements or representation,Attempted to collect wrong amount,,Company believes the complaint is the result of a misunderstanding,ERC,SC,29602.0,,,Phone,4/9/2019,Closed with explanation,TRUE,,3206752
7/11/2019,Debt collection,Other debt,False statements or representation,Attempted to collect wrong amount,I have this phone company XXXX they are giving me a collection that I owe them money and which I dont I paid off it was like seven years ago and I am dispute like two times but it didnt work so Im  complaining about that I dont owe any money for thatAnd before that they called me a couple times I was trying to explain to them and approve them that I paid off it didnt work also,Company believes it acted appropriately as authorized by contract or law,ERC,NY,11102,,Consent provided,Web,7/11/2019,Closed with explanation,TRUE,,3302527
1/18/2017,Debt collection,"Other (i.e. phone, health club, etc.)",False statements or representation,Attempted to collect wrong amount,,Company believes it acted appropriately as authorized by contract or law,ERC,NY,12563,,Consent not provided,Web,1/18/2017,Closed,TRUE,FALSE,2293643
1/24/2020,Debt collection,Other debt,False statements or representation,Attempted to collect wrong amount,ENHANCED RECOVERY COMPAN 11 XXXX Is trying to collect a debt from XX/XX/XXXX. They have open an account on XX/XX/XXXX on my credit report stating I open a new account. I have not open any account with XXXX in XX/XX/XXXX. I have disputed this on XXXX and the collection agency stated is refusing to delete from my records. I have no knowledge of this account and want it taken off.,Company believes it acted appropriately as authorized by contract or law,ERC,NC,27613.0,Servicemember,Consent provided,Web,1/29/2020,Closed with explanation,TRUE,,3508837
6/10/2022,Debt collection,Other debt,False statements or representation,Attempted to collect wrong amount,"Incorrect and unauthorized changes on XXXX account. Spoke to multiple different people on different occasions to follow up on status, theyd all say that the account was sent to escalation department to audit and investigate and someone will contact you to discuss. Never heard anything from anyone, this happened repeatedly. 
There was a lot of miscommunication due to language barriers and non-stop transferring of calls along with disconnects aka dropped calls. Account was closed to eliminate future discrepancies. I would greatly appreciate this account be investigated and audited as there is numerous inaccuracies and unexplainable charges, even XXXX management could not figure it out. I was continuously being told that the account was sent to escalations to investigate. I requested an itemized statement of account and explanation of charges. As of today I have not received any information provided by XXXX, no outstanding balanced provided, no itemized state or explanation received. XXXX needs to be investigated upon, there is way too much unexplained charges and discrepancies.",,ERC,HI,96740,,Consent provided,Web,6/10/2022,Closed with explanation,TRUE,,5652794
7/30/2014,Debt collection,"Other (i.e. phone, health club, etc.)",Improper contact or sharing of info,Contacted me after I asked not to,,,ERC,MI,48083,,,Web,8/4/2014,Closed with non-monetary relief,TRUE,FALSE,961146
4/7/2017,Debt collection,"Other (i.e. phone, health club, etc.)",Cont'd attempts collect debt not owed,Debt resulted from identity theft,In XX/XX/XXXX I received a collection notice from ERC on behalf of XXXX. They are attempting to collect a {$910.00} debt from an account that was fraudulently opened. The dates for this account are XX/XX/XXXX opened to XX/XX/XXXX closed.,Company believes it acted appropriately as authorized by contract or law,ERC,CA,91360.0,Servicemember,Consent provided,Web,4/7/2017,Closed,TRUE,FALSE,2425727
2/11/2016,Debt collection,"Other (i.e. phone, health club, etc.)",Cont'd attempts collect debt not owed,Debt resulted from identity theft,"Today I received in the U.S. Mail a letter dated "" XXXX/XXXX/XXXX '' from "" XXXX '' with a copy of my "" XXXX '' credit report. Under the "" Adverse Account '' section, there is only 1 false/Identity Theft listing. It is from a debt collection agency called "" Enhanced Recovery Company , LLC. "" ; XXXX. XXXX XXXX ; XXXX, FL ; XXXX ; ( XXXX ) XXXX. It claims that I owe "" XXXX XXXX. $ XXXX. '' I have NEVER used "" XXXX '' I 've had "" XXXX '' for the last 22 consecutive years. I am a victim of Identity Theft. And this is the exact same company that unlawfully posted the exact same adverse information on all XXXX of the major credit bureaus ( i.e., XXXX, XXXX, & XXXX ) around XXXX of XXXX before being ordered by the same XXXX credit bureaus to "" Delete '' this intentional false/Identity Theft "" XXXX '' debt scam that this company has been allegedly running. When I called their toll free phone number, their company 's rude telephone operator just told me "" ... just pay the $ XXXX, fool! ... ''",Company believes it acted appropriately as authorized by contract or law,ERC,CA,91764,,Consent provided,Web,2/11/2016,Closed with non-monetary relief,TRUE,FALSE,1784249
12/26/2013,Debt collection,"Other (i.e. phone, health club, etc.)",Cont'd attempts collect debt not owed,Debt resulted from identity theft,,,ERC,FL,32811,,,Web,12/31/2013,Closed with explanation,TRUE,FALSE,646127
11/22/2016,Debt collection,"Other (i.e. phone, health club, etc.)",Cont'd attempts collect debt not owed,Debt resulted from identity theft,I was a victim of identity theft and noticed a collection from Enhanced Recovery I 've attempted to dispute multiple times however no response on their end. Not sure what else to do. Police department told me to contact the federal trade commision which I wrote a formal complaint against Enhanced Recovery in regards to this matter. The FTC also instructed me to complete a id theft affidavit through identity theft.gov. Attached is my document. Thank you,Company believes it acted appropriately as authorized by contract or law,ERC,TX,76134,,Consent provided,Web,11/22/2016,Closed with non-monetary relief,TRUE,FALSE,2221045
12/1/2015,Debt collection,"Other (i.e. phone, health club, etc.)",Cont'd attempts collect debt not owed,Debt resulted from identity theft,"XXXX keep send different debt collection after me, I 'm a victim of identity theft I already send out paperwork to them befor and still contacting me about this.",Company believes it acted appropriately as authorized by contract or law,ERC,NY,11203,,Consent provided,Web,12/3/2015,Closed with non-monetary relief,TRUE,FALSE,1676944
12/3/2015,Debt collection,"Other (i.e. phone, health club, etc.)",Cont'd attempts collect debt not owed,Debt resulted from identity theft,"A collection agency is making false reports to XXXX andXXXX claiming that I have not paid a bill. Enhanced Recovery Corp ( XXXX ) claims that I owe XXXX XXXX {$110.00}. 
I have never had an account with XXXX XXXX. I contacted them and they have no record of me being a customer. 
Enhanced Recovery Corp. has never sent me a bill. They contacted me by phone on XXXX/XXXX/2015 and I told them I had no knowledge of this bill. They reported me to the collection agencieson XXXX/XXXX/2015.",Company believes it acted appropriately as authorized by contract or law,ERC,MA,01475,Older American,Consent provided,Web,12/3/2015,Closed with non-monetary relief,TRUE,TRUE,1681389
3/3/2017,Debt collection,I do not know,Cont'd attempts collect debt not owed,Debt resulted from identity theft,"XXXX, XXXX XXXX SOC SEC # XXXX DOB XXXX/XXXX/XXXX ADDRESS XXXX XXXX XXXX XXXX, XXXX XXXX, FL XXXX Todays date : XXXX/XXXX/XXXX Your company have violated FCRA 615 ( f ) ( 15 U.S.C. XX/XX/XXXXm ( f ) ) ( f ) Prohibition on sale or transfer of debt caused by identity theft You have not responded to my request to provide me with an investigation report. 
I need this resolve, under the Fair Credit Reporting Act, these disputed items may not appear on my credit report if they can not be supported by any evidence ( 1 ) In general No person ( company ) shall sell, transfer for consideration, or place for collection a debt that such person has been notified under section XX/XX/XXXXc-2 of this title has resulted from identity theft. 
( 2 ) Applicability The prohibitions of this subsection shall apply to all persons collecting a debt described in paragraph ( 1 ) after the date of a notification under paragraph ( 1 ). 
( 3 ) Rule of construction Nothing in this subsection shall be construed to prohibit -- ( A ) The repurchase of a debt in any case in which the assignee of the debt requires such repurchase because the debt has resulted from identity theft ; ( B ) the securitization of a debt or the pledging of a portfolio of debt as collateral in connection with a borrowing ; or ( C ) the transfer of debt as a result of a merger, acquisition, purchase and assumption transaction, or transfer of substantially all of the assets of an entity. 
A person that furnishes information to any consumer reporting agency shall have in place reasonable procedures to respond to any notification that it receives from a consumer reporting agency under section XX/XX/XXXXc-2 of this title relating to information resulting from identity theft, to prevent that person from refurnishing such blocked information. 
The reference items are listed below please take this matter very serious ENHANCED RECOVERY CO XXXX I have report your company to consumerfinance.gov As a form of record and I am prepare to sue your company Example In re XXXX XXXX XXXX XXXX XXXX Telephone Consumer Protection Act Litigation, Case No. XXXX, in the XXXX Stop collection proceedings against me Signatures on applications and accounts Investigators report XXXX, XXXX XXXX SOC SEC # XXXX DOB XXXX/XXXX/XXXX ADDRESS XXXX XXXX XXXX XXXX, XXXX XXXXXXXX XXXX",Company disputes the facts presented in the complaint,ERC,FL,33054,,Consent provided,Web,3/3/2017,Closed with non-monetary relief,TRUE,FALSE,2369912
1/20/2015,Debt collection,I do not know,Cont'd attempts collect debt not owed,Debt resulted from identity theft,,,ERC,CA,91401,,,Web,1/20/2015,Closed with non-monetary relief,TRUE,FALSE,1199392
4/26/2016,Debt collection,"Other (i.e. phone, health club, etc.)",Cont'd attempts collect debt not owed,Debt resulted from identity theft,,Company believes it acted appropriately as authorized by contract or law,ERC,CA,90706,,Consent not provided,Web,4/26/2016,Closed with non-monetary relief,TRUE,FALSE,1895212
5/14/2014,Debt collection,"Other (i.e. phone, health club, etc.)",Cont'd attempts collect debt not owed,Debt resulted from identity theft,,,ERC,MA,02139,,,Web,5/16/2014,Closed with non-monetary relief,TRUE,FALSE,851543
3/16/2015,Debt collection,"Other (i.e. phone, health club, etc.)",Cont'd attempts collect debt not owed,Debt resulted from identity theft,,,ERC,FL,32789,,,Web,3/16/2015,Closed with non-monetary relief,TRUE,FALSE,1284691
7/21/2015,Debt collection,"Other (i.e. phone, health club, etc.)",Cont'd attempts collect debt not owed,Debt resulted from identity theft,Some one opened two accounts in my name at XXXX a town I do not live in. This is identity theft and it is the second time that has occured XXXX.,Company believes it acted appropriately as authorized by contract or law,ERC,NJ,07083,,Consent provided,Web,7/22/2015,Closed with non-monetary relief,TRUE,TRUE,1476906
5/11/2014,Debt collection,"Other (i.e. phone, health club, etc.)",Cont'd attempts collect debt not owed,Debt resulted from identity theft,,,ERC,CA,93657,,,Web,5/11/2014,Closed with non-monetary relief,TRUE,FALSE,846874
6/26/2015,Debt collection,"Other (i.e. phone, health club, etc.)",Cont'd attempts collect debt not owed,Debt resulted from identity theft,,Company believes it acted appropriately as authorized by contract or law,ERC,CA,92626,,Consent not provided,Web,6/26/2015,Closed with non-monetary relief,TRUE,FALSE,1439507
10/26/2015,Debt collection,"Other (i.e. phone, health club, etc.)",Cont'd attempts collect debt not owed,Debt resulted from identity theft,"I had a collection from XXXX, I disputed it and XXXX found that I was correct, this was identity theft. since then I 've had XXXX companies try to collect the same debt, every 3-4 months I have to redispute with a diff company to have removed. this is dropping my score and interring with my life.",Company believes it acted appropriately as authorized by contract or law,ERC,CO,80110,,Consent provided,Web,10/26/2015,Closed with non-monetary relief,TRUE,FALSE,1625578
10/3/2014,Debt collection,"Other (i.e. phone, health club, etc.)",Cont'd attempts collect debt not owed,Debt resulted from identity theft,,,ERC,NJ,07002,Servicemember,,Web,10/3/2014,Closed with non-monetary relief,TRUE,TRUE,1057862
4/21/2016,Debt collection,"Other (i.e. phone, health club, etc.)",Cont'd attempts collect debt not owed,Debt resulted from identity theft,,Company believes it acted appropriately as authorized by contract or law,ERC,IN,46140,,Consent not provided,Web,4/24/2016,Closed with non-monetary relief,TRUE,FALSE,1890149
5/8/2014,Debt collection,"Other (i.e. phone, health club, etc.)",Cont'd attempts collect debt not owed,Debt resulted from identity theft,,,ERC,GA,30189,Servicemember,,Web,5/8/2014,Closed with non-monetary relief,TRUE,FALSE,843679
12/11/2015,Debt collection,"Other (i.e. phone, health club, etc.)",Cont'd attempts collect debt not owed,Debt was discharged in bankruptcy,,Company believes it acted appropriately as authorized by contract or law,ERC,GA,30008.0,,Consent not provided,Web,12/15/2015,Closed with non-monetary relief,TRUE,FALSE,1692655
4/3/2015,Debt collection,"Other (i.e. phone, health club, etc.)",Cont'd attempts collect debt not owed,Debt was discharged in bankruptcy,"Enhanced Recovery keeps billing for an old XXXX account that was discharged with a bankruptcy. XXXX used XXXX collection agencies, the other XXXX removed the information from my credit report after receiving my letters - Enhanced Recovery has not. I am attaching letter I sent to XXXX and to Enhanced Recovery requesting they remove this negative collections information from all XXXX credit bureaus. I have also made numerous, numerous phone calls both to XXXX and to Enhanced Recovery and I 'm always told the account will be removed from my credit report but it never gets done. Enhanced Recovery has violated the law by continuing to report this debt. I think the account # is XXXX ; however, Enhanced Recovery is using a different number that begins with XXXX.",,ERC,TX,78404,,Consent provided,Web,4/3/2015,Closed with non-monetary relief,TRUE,TRUE,1314702
4/27/2022,Debt collection,I do not know,Attempts to collect debt not owed,Debt was result of identity theft,,,ERC,GA,30021.0,,Consent not provided,Web,4/27/2022,Closed with explanation,TRUE,,5505113
2/25/2019,Debt collection,Credit card debt,Attempts to collect debt not owed,Debt was result of identity theft,,Company believes it acted appropriately as authorized by contract or law,ERC,CA,91344.0,,Consent not provided,Web,2/25/2019,Closed with explanation,TRUE,,3161428
11/5/2021,Debt collection,Other debt,Attempts to collect debt not owed,Debt was result of identity theft,"My name is XXXX XXXX, and I am sending this request myself to address the inaccuracies on my Credit Reports.

Time has already passed but up until now, I havent heard any kind of response from the XXXX and XXXX Credit Bureaus which made me decide to seek assistance from you. They have shown negligence and an act of refusal of complying with my request. I know for a fact that they are to comply with the Fair Credit Reporting Act law, to provide proof, documents, and give definite and accurate responses, within the given statutory time. However, if they failed to do so, they are obliged to remove the account which is erroneous and unverified. Their unfavorable and unacceptable actions have been hurting my credit scores immensely. Please see below the account I am concerned of : ENHANCED RECOVERY CO L - XXXX",,ERC,MI,48141.0,,Consent provided,Web,11/5/2021,Closed with explanation,TRUE,,4882939
12/27/2020,Debt collection,I do not know,Attempts to collect debt not owed,Debt was result of identity theft,"XXXX XXXX, XXXX SOC SEC # XXXX DOB XX/XX/1987 ADDRESS XXXX XXXX XXXX, XXXX, FL XXXX ERC XXXX Your company have violated FCRA 615 ( f ) ( 15 U.S.C. 1681m ( f ) ) ( f ) Prohibition on sale or transfer of debt caused by identity theft You have not responded to my request to provide me with an investigation report.

I need this resolve, under the Fair Credit Reporting Act, these disputed items may not appear on my credit report if they can not be supported by any evidence ( 1 ) In general No person ( company ) shall sell, transfer for consideration, or place for collection a debt that such person has been notified under section 1681c-2 of this title has resulted from identity theft.

( 2 ) Applicability The prohibitions of this subsection shall apply to all persons collecting a debt described in paragraph ( 1 ) after the date of a notification under paragraph ( 1 ). 
( 3 ) Rule of construction Nothing in this subsection shall be construed to prohibit -- ( A ) The repurchase of a debt in any case in which the assignee of the debt requires such repurchase because the debt has resulted from identity theft ; ( B ) the securitization of a debt or the pledging of a portfolio of debt as collateral in connection with a borrowing ; or ( C ) the transfer of debt as a result of a merger, acquisition, purchase and assumption transaction, or transfer of substantially all of the assets of an entity.

A person that furnishes information to any consumer reporting agency shall have in place reasonable procedures to respond to any notification that it receives from a consumer reporting agency under section 1681c-2 of this title relating to information resulting from identity theft, to prevent that person from refurnishing such blocked information. 
The reference items are listed below please take this matter very serious ERC XXXX I have report your company to consumerfinance.gov As a form of record and I am prepare to sue your company Example In re XXXX XXXX XXXX, XXXX Telephone Consumer Protection Act Litigation, Case No. 11-MD-2295-JAH-BGS, in the U.S. District Court for the Southern District of California Stop collection proceedings against me Signatures on applications and accounts Investigators report XXXX XXXX, XXXX SOC SEC # XXXX DOB XX/XX/1987 ADDRESS XXXX XXXX XXXX, XXXX, FL XXXX",,ERC,FL,32725.0,,Consent provided,Web,12/28/2020,Closed with explanation,TRUE,,4033262
11/5/2021,Debt collection,I do not know,Attempts to collect debt not owed,Debt was result of identity theft,,,ERC,IN,46235.0,,Consent not provided,Web,11/5/2021,Closed with explanation,TRUE,,4879482
8/3/2021,Debt collection,Other debt,Attempts to collect debt not owed,Debt was result of identity theft,,,ERC,MA,2122.0,,Consent not provided,Web,8/3/2021,Closed with explanation,TRUE,,4599357
3/27/2022,Debt collection,Other debt,Attempts to collect debt not owed,Debt was result of identity theft,"My name is ( XXXX XXXX ), a federally protected consumer, and I am making this complaint against ( Enhanced Recovery Company ) for committing identity theft. I have never given ( Enhanced Recovery Company ) any permission to use any of my identifying information to commit mail fraud by contacting me about an alleged debt they claim I owe. I am aware that the that in accordance with Article 9, the assignment of a defaulted note is illegal. Both the assignee and the assigned are both liable for violations under 15 U.S. Code 1692e ( 12 ).

I have never received any documentation requesting validation from ( Enhanced Recovery Company ) before they committed multiple violations under the FCRA and the FDCPA by furnishing this alleged debt to my consumer report including but not limited to 15 U.S. Code 1692d ( 4 ) which the FTC defines as debt parking. If ( Enhanced Recovery Company ) can not provide me with proof such as a tracking number that they attempted to lawfully validate this alleged debt with me, the consumer, prior to furnishing it on my consumer report, this has been a fraudulently furnished account with forethought and malice as an attempt to bring harm to me and my financial reputation.

I am legally refusing to pay this debt pursuant to 1692c ( c ). I am demanding a cease and desist of all illegal activity, any communication and collection activity, of this and any alleged debts until ( Enhanced Recovery Company ) can provide me with sufficient documentary evidence that I have any legal obligation to pay them. If this documentary evidence can not be produced and ( Enhanced Recovery Company ) continues its collection efforts, I will file for litigation for actual damages caused and ( Enhanced Recovery Company ) will be held criminally liable for aggravated identity theft pursuant to 18 USC 1028A, extortion, theft by deception, securities fraud, and mail fraud. Upon the receipt of the documents herein and of this notice, you are hereby notified Pursuant UCC 1-202f. Your prompt attention and response are both requested and required.",,ERC,TN,38104.0,,Consent provided,Web,3/27/2022,Closed with explanation,TRUE,,5373404
7/29/2021,Debt collection,Other debt,Attempts to collect debt not owed,Debt was result of identity theft,,,ERC,MO,64063.0,,Consent not provided,Web,7/29/2021,Closed with explanation,TRUE,,4586284
1/29/2022,Debt collection,I do not know,Attempts to collect debt not owed,Debt was result of identity theft,"Enhanced Recovery Company put a collection on my credit report preventing me from getting access to credit.

Enhanced Recovery Company placed a collection of {$170.00} with no payment history on my credit report XX/XX/2019. 

Enhanced Recovery Company ( XXXX ) XXXX",,ERC,FL,32909.0,Older American,Consent provided,Web,1/29/2022,Closed with explanation,TRUE,,5163791
7/11/2021,Debt collection,Credit card debt,Attempts to collect debt not owed,Debt was result of identity theft,No information given regarding account. Violates federal 15 USC 1692gf and 15 USC Section 1681 ( i ). The bureaus have it reporting different pricing and multiple inaccuracies. I never authorized or given permission for this to be reporting. its been 2 months and no information given. No medical release to collect on this debt either No information given regarding account. Violates federal 15 USC 1692gf and 15 USC Section 1681 ( i ). The bureaus have it reporting different pricing and multiple inaccuracies. I never authorized or given permission for this to be reporting. its been 2 months and no information given. No medical release to collect on this debt either,,ERC,OH,44087.0,,Consent provided,Web,7/11/2021,Closed with explanation,TRUE,,4533922
2/16/2022,Debt collection,Credit card debt,Attempts to collect debt not owed,Debt was result of identity theft,,,ERC,FL,33065.0,,Consent not provided,Web,2/16/2022,Closed with explanation,TRUE,,5227374
12/31/2020,Debt collection,Other debt,Attempts to collect debt not owed,Debt was result of identity theft,XX/XX/2017 {$470.00},,ERC,NY,11550.0,,Consent provided,Web,12/31/2020,Closed with explanation,TRUE,,4042072
1/25/2022,Debt collection,Other debt,Attempts to collect debt not owed,Debt was result of identity theft,"As I have not heard back from you in over 60 days, regarding my demand for proof, since my notice of my dispute and you have not supplied the demanded proof of the alleged debt, under the doctrine of estoppel by silence, XXXX XXXX XXXX ( Mo ) XXXX XXXX XXXX, XXXX, I may presume that no proof of the alleged debt, nor therefore any such debt, in fact exists. 


In a good faith effort to resolve this matter amicably, I restate my demand for proof of the debt, specifically the alleged contract or other instrument bearing my signature, as well as proof of your authority in this matter. Absent such proof, you must terminate this collection action and correct any erroneous reports of this debt as mine. 

For the record, I state again that as I have no account with you, nor am I your customer, nor have I entered into a contract with you, I must ask for the following information : 1 ) Please evidence your authorization under 15 USC 1692 ( e ) and 15 USC 1692 ( f ) in this alleged matter.

2 ) What is your authorization of law for your collection of information?

3 ) What is your authorization of law for your collection of this alleged debt?

4 ) Please evidence your authorization to do business or operate in the state.

5 ) Please evidence proof of the alleged debt, including specifically the alleged contract or other instrument bearing my signature. 

You have 15 days of this notice to respond. Your failure to respond, on point, in writing, hand signed, and in a timely manner, will work as a waiver to any and all of your claims in this matter, and will entitle me to presume that you sent your letter ( s ) in error, and that this matter is permanently closed. 

Your continued silence is unacceptable. Either provide the proof or correct the record to remove the invalid debt from my credit files with the three-primary credit-reporting agencies. You are currently in violation of the Fair Credit Reporting Act and the Fair Debt Collection Act. 

Failure to respond within 15 days of this letter will begin my small claims action against your company. I will be seeking {$5000.00} in damages for the following : 1 ) Defamation 2 ) Negligent Enablement of Identity Fraud 3 ) Violation of the Fair Credit Reporting Act After obtaining the judgment against your company, I will obtain a Writ of Execution from the Sheriffs office in your county and I will begin the process of attaching property or funds to satisfy the judgment. 

For the purposes of 15 USC 1692 et seq., this Notice has the same effect as a dispute to the validity of the alleged debt and a dispute to the validity of your claims. This Notice is an attempt to correct your records, and any information received from you will be collected as evidence should any further action be necessary. This is a request for information only, and is not a statement, election, or waiver of status.",,ERC,GA,30253.0,,Consent provided,Web,1/25/2022,Closed with explanation,TRUE,,5145695
7/28/2020,Debt collection,Other debt,Attempts to collect debt not owed,Debt was result of identity theft,"Companies involved in filing this fraudulent claim against me twice : XXXX XXXX XXXX XXXX XXXX XXXX XXXX XXXX  Amount of fraudulent claim : XXXX On XX/XX/XXXX and Individual : XXXX XXXX fraudulent used my SSN to obtain cellular Service from XXXX XXXX in XXXX, AL. Her birthday, address and name did not match mine, which leads me to believe that no one asked to see her identification before granting her this fraudulent account. In XXXX I joined XXXX XXXX and noticed a collection had been filed against me by XXXX XXXX XXXX. I was successful in removing this from my bureau at this time. However, they filed the same claim against me again in XX/XX/XXXX through XXXX  XXXX  through XXXX XXXX  XXXX  again i was made aware of this through XXXX XXXX. I am in the process of removing this claim again. So far, I have had to verify where I lived in XXXX, file a police report, and provide them with a copy of my birth certificate and driver 's license. I also had to provide them with my address, an address i have lived at for 34 years. Since providing them with my address they are now sending correspondence to XXXX XXXX, ( the person that used my SSN # to obtain the account placed into collection ) to my address. I did not open the correspondence and placed return to sender no one lives here by this name on the envelope. Surely, there are steps i can take to stop them from continuing to ruin my good name and credit. I am a XXXX XXXX XXXX woman, working as a real estate agent during a pandemic as an essential worker, caring for an XXXX XXXX XXXX mother, while maintaining and running my home. This is beginning to wear on me. I need help. Please advise of my rights and provide me with any information you can to make these people leave me alone. 

Thank you,",,ERC,AL,35058.0,Older American,Consent provided,Web,7/28/2020,Closed with explanation,TRUE,,3766993
8/4/2022,Debt collection,I do not know,Attempts to collect debt not owed,Debt was result of identity theft,"I sent ( 2 ) Letters in XX/XX/2022 and XX/XX/2022 to Alleged Debt Collection Company "" ENHANCED RECOVERY COMPANY '' who is reporting fraudulent & unvalidated information. 
"" ENHANCED RECOVERY COMPANY '' are allegedly stating I have alleged debt of {$230.00} but I never contracted to do business with them ; The Alleged Debt Collection Company "" ENHANCED RECOVERY COMPANY '' provided insufficient validation that did not follow my request. 
"" ENHANCED RECOVERY COMPANY '' had ( 15 ) days to provide the correct request to validate the debt which they did not ; It has been more than ( 60 ) days ; I requested the following from Alleged Debt Collection Company "" ENHANCED RECOVERY COMPANY '' as I was never notified of this alleged debt collection. 
I do not believe this debt is accurate. Under the FAIR DEBT COLLECTION PRACTICES ACT, I have the right to request and receive validation of the debt. I am requiring the following exactly as instructed : An explanation of what this alleged account balance is for. 
A complete Audit Trail calculation of this balance, including the complete payment history on this account, so I have proof that the amount is correct.

Documentation that shows I agreed to pay this debt with my signature ; documentation shows I gave you permission to have my information and paperwork showing I gave you authorization to report this to my credit report. No consent to you having my information and unauthorized use of my social security number is identity theft which you will be reported for such. 
The Agreement that grants you authority to collect on this alleged debt. 
A copy of your state license, including license number that give you rights to collect in my state. 
The purchase agreement Any Executive Officer to Swear under penalty of perjury you were present during the alleged debt Alleged Debt Collection Company "" ENHANCED RECOVERY COMPANY '' has to understand reporting information that you know to be inaccurate or failing to report information correctly violates the Fair Credit Reporting Act. 
Alleged Debt Collection Company "" ENHANCED RECOVERY COMPANY '' have committed the following FDCPA Violations as they are sending deceptive forms making false belief that I owe them anything. 15 USC 1692j - Furnishing certain deceptive forms ( a ) It is unlawful to design, compile and furnish any form knowing that such form would be used to create false belief in a consumer that a person other than the creditor of such consumer is participating in the collection of or in an attempt to collect a debt such consumer allegedly owes such creditor, when in fact such person is not so participating. I am not participating in the collection of this alleged debt. Stop contacting me about this or any other matter you have. Cease and Desist ASAP and delete this account from these Credit Reporting Agencies ( XXXX and XXXX ) except to provide me with accurate validation of this debt by US mail only not the same insufficient document you already sent.

I have also submitted this letter to the Consumer Financial Protection Bureau ( CFPB ), XXXX State Attorney General and The XXXX XXXX XXXX  to have confirmation of proof. You have another ( 15 ) days from the date of this letter to respond with all items requested and I demand these items to be removed immediately from Credit Reporting Agencies ( XXXX ) and 3rd parties or I will seek Monetary compensation damages for all the violations you already committed. 
I do not know this Alleged Debt Collection Company "" ENHANCED RECOVERY COMPANY '' and never signed any contract with them. 
The Alleged Debt Collection Company "" ENHANCED RECOVERY COMPANY '' illegally received my personal information without my permission which is Identity Theft a violation of my federally protected consumer rights.",,ERC,CA,91331,,Consent provided,Web,8/4/2022,Closed with explanation,TRUE,,5843916
12/21/2021,Debt collection,I do not know,Attempts to collect debt not owed,Debt was result of identity theft,"I disputed the account and ask that they validate this account, and they fail to respond to the action. The law states they have 30 days to do so if not or over the 30 days this account must be removed from the credit file and in this case, they fail to respond to the matter. It has been over 30 days with no response, and I did not open or authorize this account, and I therefore request that it be closed immediately. By the federal law requirement this account must be removed because you do not have proof or any evidence to support this matter and failure to respond. I request that you take all appropriate steps to remove the information about this account from my credit files. My credit report showing the fraudulent items related to your company that are the result of identity theft.",,ERC,SC,29108,,Consent provided,Web,12/21/2021,Closed with explanation,TRUE,,5029804
11/5/2021,Debt collection,Credit card debt,Attempts to collect debt not owed,Debt was result of identity theft,,,ERC,MD,20770.0,,Consent not provided,Web,11/5/2021,Closed with explanation,TRUE,,4882137
2/21/2018,Debt collection,I do not know,Attempts to collect debt not owed,Debt was result of identity theft,I came home from taking care of some business and found a call on my caller ID that I didn't reconize so I called back and a man with a XXXX accent answered the phone and started to give me a run about infomation on me and claimed I owed a debt that they were attempting to collect. I knew I didn't owe a debt so I chewed the man out and told the not to call me anymore or I'd take legal action and I hung up.,Company believes it acted appropriately as authorized by contract or law,ERC,AR,72012.0,"Older American, Servicemember",Consent provided,Web,2/23/2018,Closed with explanation,TRUE,,2820613
1/2/2021,Debt collection,Other debt,Attempts to collect debt not owed,Debt was result of identity theft,PLEASE SEE ATTACHED I AM THE VICTIM OF ID THEFT I AM ATTACHING MY FTC REPORT,,ERC,CA,92505.0,,Consent provided,Web,1/2/2021,Closed with explanation,TRUE,,4043595
11/6/2020,Debt collection,Other debt,Attempts to collect debt not owed,Debt was result of identity theft,,,ERC,IN,46825.0,Servicemember,Consent not provided,Web,11/6/2020,Closed with explanation,TRUE,,3939919
9/4/2018,Debt collection,I do not know,Attempts to collect debt not owed,Debt was result of identity theft,"ATTENTION DISPUTE DEPARTMENT XXXX, XXXX SOC SEC # XXXX DOB XX/XX/1994 ADDRESS XXXX XXXX XXXX, XXXX XXXX, FL XXXX ENHANCED RECOVERY CO XXXX XXXX Your company have violated FCRA 615 ( f ) ( 15 U.S.C. 1681m ( f ) ) ( f ) Prohibition on sale or transfer of debt caused by identity theft You have not responded to my request to provide me with an investigation report. 
I need this resolve, under the Fair Credit Reporting Act, these disputed items may not appear on my credit report if they can not be supported by any evidence ( 1 ) In general No person ( company ) shall sell, transfer for consideration, or place for collection a debt that such person has been notified under section 1681c-2 of this title has resulted from identity theft.

( 2 ) Applicability The prohibitions of this subsection shall apply to all persons collecting a debt described in paragraph ( 1 ) after the date of a notification under paragraph ( 1 ).

( 3 ) Rule of construction Nothing in this subsection shall be construed to prohibit -- ( A ) The repurchase of a debt in any case in which the assignee of the debt requires such repurchase because the debt has resulted from identity theft ; ( B ) the securitization of a debt or the pledging of a portfolio of debt as collateral in connection with a borrowing ; or ( C ) the transfer of debt as a result of a merger, acquisition, purchase and assumption transaction, or transfer of substantially all of the assets of an entity.

A person that furnishes information to any consumer reporting agency shall have in place reasonable procedures to respond to any notification that it receives from a consumer reporting agency under section 1681c-2 of this title relating to information resulting from identity theft, to prevent that person from refurnishing such blocked information. 
The reference items are listed below please take this matter very serious ENHANCED RECOVERY CO XXXX XXXX I have report your company to consumerfinance.gov As a form of record and I am prepare to sue your company Example In re XXXX XXXX XXXX, XXXX Telephone Consumer Protection Act Litigation, Case No. XXXX, in the U.S. District Court for the Southern District of XXXX Stop collection proceedings against me Signatures on applications and accounts Investigators report XXXX, XXXX SOC SEC # XXXX DOB XX/XX/1994 ADDRESS XXXX XXXX XXXX, XXXX XXXX, FL XXXX",Company believes it acted appropriately as authorized by contract or law,ERC,FL,33435.0,,Consent provided,Web,9/4/2018,Closed with explanation,TRUE,,3009922
9/30/2017,Debt collection,Other debt,Attempts to collect debt not owed,Debt was result of identity theft,,Company believes it acted appropriately as authorized by contract or law,ERC,TX,77377.0,,Consent not provided,Web,9/30/2017,Closed with explanation,TRUE,,2689079
8/11/2018,Debt collection,I do not know,Attempts to collect debt not owed,Debt was result of identity theft,,Company believes it acted appropriately as authorized by contract or law,ERC,IL,60076.0,,Consent not provided,Web,8/11/2018,Closed with explanation,TRUE,,2989076
2/15/2018,Debt collection,Other debt,Attempts to collect debt not owed,Debt was result of identity theft,,Company believes it acted appropriately as authorized by contract or law,ERC,,,,,Phone,2/15/2018,Closed with explanation,TRUE,,2815327
10/9/2021,Debt collection,I do not know,Attempts to collect debt not owed,Debt was result of identity theft,"This is XXXX XXXX XXXX, who is submitting this CFPB complaint myself, and to inform you that there is no third party involved in the process. This account is inaccurately and erroneously reporting. Their intentional and willful furnishing of inaccurate information is a violation of FCRA Section 623 and according to FCRA Section 611. I have done many attempts to reach out to XXXX and XXXX Credit Bureaus but they failed to give me any results or feedbacks about this concern. Please investigate and remove them from my personal credit file. Thank you. 
ERC-XXXX-Balance {$600.00} ENHANCED RECOVERY CO L-XXXX-Balance {$600.00}",,ERC,MI,49224.0,,Consent provided,Web,10/9/2021,Closed with explanation,TRUE,,4794694
9/30/2021,Debt collection,Other debt,Attempts to collect debt not owed,Debt was result of identity theft,,,ERC,OH,43229.0,,Other,Web,9/30/2021,Closed with explanation,TRUE,,4766917
9/16/2018,Debt collection,Other debt,Attempts to collect debt not owed,Debt was result of identity theft,,Company believes it acted appropriately as authorized by contract or law,ERC,MD,21061.0,,Consent not provided,Web,9/16/2018,Closed with explanation,TRUE,,3020381
9/5/2022,Debt collection,Other debt,Attempts to collect debt not owed,Debt was result of identity theft,"XXXX XXXX is trying to collect money on a fraudulent account and saying I opened an account with them on XX/XX/ 2020, when in fact i had XXXX as my phone provider in 2020. This account is fraudulent, please remove it from my account.",,ERC,AZ,85339,,Consent provided,Web,9/5/2022,Closed with explanation,TRUE,,5949177
5/13/2021,Debt collection,Other debt,Attempts to collect debt not owed,Debt was result of identity theft,"I've sent multiple letters to this agency about this not being my account. After being advised by identitytheft.gov, I've completed and sent a fraud affidavit via certified mail. I can see they received it, but nothing has changed. See supporting documents. Even the USPS tracking. My official complaint is against ENHANCED RECOVERY. My information was used to obtain an apartment, cell phone, and an auto loan with my ex-partner. I am a victim of identity theft and have put this off for too long. I've completed the proper steps, 1. notify creditors 2. police report 3. informed the state of Texas. The individual I've suspected for this theft is now deceased, and the police department said to contact the federal trade commission to seek relief. These companies disregard laws and dont care whos credit or lives they impact.",,ERC,TX,77009.0,,Consent provided,Web,5/13/2021,Closed with explanation,TRUE,,4375654
3/1/2023,Debt collection,Credit card debt,Attempts to collect debt not owed,Debt was result of identity theft,,,ERC,TN,37013.0,Servicemember,,Web,3/1/2023,Closed with explanation,TRUE,,6635459
8/11/2021,Debt collection,Other debt,Attempts to collect debt not owed,Debt was result of identity theft,,,ERC,FL,33579.0,,Consent not provided,Web,8/11/2021,Closed with explanation,TRUE,,4619760
11/18/2021,Debt collection,I do not know,Attempts to collect debt not owed,Debt was result of identity theft,,,ERC,CA,95842.0,,Consent not provided,Web,11/18/2021,Closed with explanation,TRUE,,4922352
7/11/2020,Debt collection,Other debt,Attempts to collect debt not owed,Debt was result of identity theft,Identity theft. I do not recognize this debt.,,ERC,NY,10468.0,,Consent provided,Web,7/11/2020,Closed with explanation,TRUE,,3741056
1/17/2018,Debt collection,Other debt,Attempts to collect debt not owed,Debt was result of identity theft,"I have disputed this item before and they took it off, now they have placed the item back on my credit profile, I have know knowledge of the said account. I was a victim of ID thief and the company has been made aware of it several times.",Company believes it acted appropriately as authorized by contract or law,ERC,GA,30043.0,,Consent provided,Web,1/17/2018,Closed with explanation,TRUE,,2784572
5/6/2022,Debt collection,Other debt,Attempts to collect debt not owed,Debt was result of identity theft,ENHANCED RECOVERY # XXXX reported account on my credit report dont have any account with this company never made business and dont your customer person use my information open account with tmobile,,ERC,RI,2914.0,,Consent provided,Web,5/6/2022,Closed with explanation,TRUE,,5550324
1/6/2016,Debt collection,"Other (i.e. phone, health club, etc.)",Taking/threatening an illegal action,Threatened to sue on too old debt,Account was previously deleted from credit reports. Then recently re-inserted. The account has also been re-aged. I was never notified,Company believes it acted appropriately as authorized by contract or law,ERC,KS,66206,,Consent provided,Web,1/6/2016,Closed with non-monetary relief,TRUE,TRUE,1730272
3/6/2021,"Credit reporting, credit repair services, or other personal consumer reports",Credit reporting,Incorrect information on your report,Information belongs to someone else,"on XX/XX/XXXX I received a call from Enhanced Recovery Company, informing me I have a collections balance of {$630.00} from an original creditor XXXXXXXX XXXX XXXXXXXX I notified them I never had any accounts with such a company and I have no outstanding balances. They were no help to me in resolving this issue. Upon checking my credit report immediately after this phone call, I saw that this derogatory remark was indeed on my report. It showed that this Account was open on XX/XX/XXXX. I did not open this account or request any services from this creditor. I do not know how they obtained any of my information and or added any balances to my credit report. Please help me remove this fraudulent account off my report as soon as possible because it is degrading my credit score and my financial credibility.",,ERC,NY,11223.0,,Consent provided,Web,3/6/2021,Closed with explanation,TRUE,,4188882
4/1/2018,"Credit reporting, credit repair services, or other personal consumer reports",Credit reporting,Incorrect information on your report,Information belongs to someone else,XXXX XXXX XXXX has totally let the breach of XXXX totally cra violation and ftc XXXX my report up enclosed are the violatons XXXX XXXX XXXX  XXXX XXXX XXXX XXXX XXXX  XX/XX/XXXX - - XXXX XXXX XXXX XXXX FL XXXX XXXX XXXX XXXX XXXX XXXX XXXX XXXX XXXX XXXX XXXX XXXXXX/XX/XXXX {$3000.00} {$3000.00} XXXX XXXX XXXX XXXX XXXX GA XXXX XXXX XXXX XXXX XXXX XXXX XXXX XXXX XXXX XXXX XXXX XXXX XXXXXX/XX/XXXX {$750.00} {$750.00} XXXX XXXX XXXX XXXX XXXX XXXX  TX XXXX XXXX XXXX XXXX XXXX,Company believes it acted appropriately as authorized by contract or law,ERC,TX,78934.0,,Consent provided,Web,4/1/2018,Closed with explanation,TRUE,,2860922
2/23/2022,"Credit reporting, credit repair services, or other personal consumer reports",Credit reporting,Incorrect information on your report,Information belongs to someone else,,,ERC,NY,11230.0,,Consent not provided,Web,2/23/2022,Closed with explanation,TRUE,,5253114
8/15/2021,"Credit reporting, credit repair services, or other personal consumer reports",Credit reporting,Incorrect information on your report,Information belongs to someone else,I am a victim of identity theft and I have submitted a notarized affidavit which serves as a legal document to my identity theft. I am also a victim of the XXXX breach and opted out of the settlement because I have suffered extreme losses due to the breach and the identity theft. I need the fraud accounts that are in my letter that is attached removed permanently from my file as I have also contacted the creditors as well. This is extreme in violation of my fair credit reporting act rights and I will seek legal recourse. I have also attached the printout of me being affected by the XXXX breach as well.,,ERC,SC,29229.0,Servicemember,Consent provided,Web,8/15/2021,Closed with explanation,TRUE,,4632724
2/12/2021,"Credit reporting, credit repair services, or other personal consumer reports",Credit reporting,Incorrect information on your report,Information belongs to someone else,,,ERC,NC,28412.0,,Consent not provided,Web,2/12/2021,Closed with explanation,TRUE,,4135541
10/14/2021,"Credit reporting, credit repair services, or other personal consumer reports",Credit reporting,Incorrect information on your report,Information belongs to someone else,I never have an account with these collector/creditor. I tried to contact them several times and ask for proof of ownership but they are failed to send me necessary documentation to prove that I really own this account.,,ERC,CA,92570.0,,Consent provided,Web,10/14/2021,Closed with explanation,TRUE,,4810096
2/14/2022,"Credit reporting, credit repair services, or other personal consumer reports",Credit reporting,Incorrect information on your report,Information belongs to someone else,,,ERC,TX,78201.0,,,Phone,2/14/2022,Closed with explanation,TRUE,,5220598
10/15/2021,"Credit reporting, credit repair services, or other personal consumer reports",Credit reporting,Incorrect information on your report,Information belongs to someone else,,,ERC,WA,98683.0,,Consent not provided,Web,10/15/2021,Closed with explanation,TRUE,,4813670
5/24/2022,"Credit reporting, credit repair services, or other personal consumer reports",Credit reporting,Incorrect information on your report,Information belongs to someone else,,,ERC,CA,95037.0,,Consent not provided,Web,5/24/2022,Closed with explanation,TRUE,,5595766
1/27/2021,"Credit reporting, credit repair services, or other personal consumer reports",Credit reporting,Incorrect information on your report,Information belongs to someone else,,,ERC,GA,30340.0,,Consent not provided,Web,1/27/2021,Closed with explanation,TRUE,,4097241
2/11/2018,"Credit reporting, credit repair services, or other personal consumer reports",Credit reporting,Incorrect information on your report,Information belongs to someone else,"This has been reinsterted with out having the debt verified, violation of FCRA section 611 15 USC 1681 paragraph 5 I need this removed asap or will file a lawsuit. 

I never had a big bill like that one they are misleading people with please remove asap. Cease and desist immediately",Company believes it acted appropriately as authorized by contract or law,ERC,TX,79936.0,,Consent provided,Web,2/11/2018,Closed with explanation,TRUE,,2810112
10/13/2020,"Credit reporting, credit repair services, or other personal consumer reports",Credit reporting,Incorrect information on your report,Information belongs to someone else,,,ERC,AR,72348.0,,Consent not provided,Web,10/13/2020,Closed with explanation,TRUE,,3896030
3/27/2022,"Credit reporting, credit repair services, or other personal consumer reports",Credit reporting,Incorrect information on your report,Information belongs to someone else,,,ERC,TN,37066,,Consent not provided,Web,3/27/2022,Closed with explanation,TRUE,,5373644
9/28/2020,"Credit reporting, credit repair services, or other personal consumer reports",Credit reporting,Incorrect information on your report,Information belongs to someone else,,,ERC,GA,31907.0,,Consent not provided,Web,9/28/2020,Closed with explanation,TRUE,,3869609
5/13/2019,"Credit reporting, credit repair services, or other personal consumer reports",Credit reporting,Incorrect information on your report,Information belongs to someone else,adding debt that is not known to me XXXX and enchance recovery sent the ftc violation,Company believes it acted appropriately as authorized by contract or law,ERC,TX,77095.0,,Consent provided,Web,5/13/2019,Closed with explanation,TRUE,,3241100
1/7/2021,"Credit reporting, credit repair services, or other personal consumer reports",Credit reporting,Incorrect information on your report,Information belongs to someone else,,,ERC,GA,30016.0,,Consent not provided,Web,1/7/2021,Closed with explanation,TRUE,,4053795
7/23/2021,"Credit reporting, credit repair services, or other personal consumer reports",Credit reporting,Incorrect information on your report,Information belongs to someone else,"I have reached out to the company on several occasions asking them to provide me with the information that have under my name and social. I asked them to prove they had the legal right to report this information on my credit report. They have failed to provided me with any information regarding this matter. I sent off certified mail and called multiple times. They need to provide this information showing they or in compliance with FTC, FCRA, IFRS, G.A.A.P and BASEL3 regulations.",,ERC,TX,77053.0,,Consent provided,Web,7/23/2021,Closed with explanation,TRUE,,4567016
2/15/2021,"Credit reporting, credit repair services, or other personal consumer reports",Credit reporting,Incorrect information on your report,Information belongs to someone else,"In 2016 my company had bought a new XXXX  and XXXX  for me through the service provider "" XXXX ''. My job shortly after relocated me to south Texas and my service wasnt great at all so I called and called and finally got XXXX  to accept me to return my XXXX  and XXXX so I could go get another provider that worked better in the area. I did that and then a year later they hire ENHANCED RECOVERY SERVICES! They have done nothing but harass me and called me names and lied about the balance which went from {$750.00} dollars to {$1500.00} somehow. I have tried many times and was patient but we have an attorney who asked us to file this and we will be in touch.",,ERC,KS,67010,,Consent provided,Web,2/15/2021,Closed with explanation,TRUE,,4142247
9/21/2020,"Credit reporting, credit repair services, or other personal consumer reports",Credit reporting,Incorrect information on your report,Information belongs to someone else,"XXXX XXXX is posting an account on my credit profile that i have no knowledge of nor has the company followed any of the procedures set forward in the fair dept collection act which states that i should have been notified and had a chance to dispute any collection attempt before posting to my credit profile, I believe this account was opened fraudulently and would like the company to stop posting to my credit report as the is a violation of my rights under the FDCRA and FCRA, attached is a police report as i am a victim of identity fraud",,ERC,GA,30281.0,,Consent provided,Web,9/21/2020,Closed with explanation,TRUE,,3856684
6/9/2020,"Credit reporting, credit repair services, or other personal consumer reports",Credit reporting,Incorrect information on your report,Information belongs to someone else,,,ERC,FL,33168.0,,Consent not provided,Web,6/9/2020,Closed with explanation,TRUE,,3690560
8/13/2021,"Credit reporting, credit repair services, or other personal consumer reports",Credit reporting,Incorrect information on your report,Information belongs to someone else,Enhanced Recovery CO L is reporting an account from XXXX account number ending in XXXX in the balance of {$2800.00} on my credit report I have no knowledge of this account and Im asking this collection agency to furnish full proof that this belongs to me and if no proof is given within 30 days by law under FCRA this needs to be removed from all three credit bureaus immediately,,ERC,CA,94578.0,,Consent provided,Web,8/13/2021,Closed with explanation,TRUE,,4626980
9/27/2020,"Credit reporting, credit repair services, or other personal consumer reports",Credit reporting,Incorrect information on your report,Information belongs to someone else,to whom it may concern below are a list of accounts that are reporting fraudulently on my credit report 1 ) XXXX XXXX XXXX  {$1200.00} XX/XX/XXXX XXXX ) ENHANCED RECOVERY COL {$570.00} XX/XX/XXXX,,ERC,,,Servicemember,Consent provided,Web,9/27/2020,Closed with explanation,TRUE,,3868496
4/10/2021,"Credit reporting, credit repair services, or other personal consumer reports",Credit reporting,Incorrect information on your report,Information belongs to someone else,,,ERC,TX,77551.0,,Consent not provided,Web,4/10/2021,Closed with explanation,TRUE,,4287611
4/10/2018,"Credit reporting, credit repair services, or other personal consumer reports",Credit reporting,Incorrect information on your report,Information belongs to someone else,"1 ) These accounts, opened in XXXX and XXXX, commits itself to a pattern of fraud that took place within a specific period of time as is evidenced by all subsequent accounts. More specifically, a XXXX thru XXXX timeframe. 
2 ) The address provided to and reported by XXXX XXXX XXXX XXXX is one that XXXX XXXX has never lived at, in a State in which he has never been a resident. We have provided signed documentation from the management company which proves this fact. ( Figure C ) 3 ) XXXX XXXX  and XXXX XXXX XXXX XXXX failed to respond in any measure to the Cease and Desist notice registered with the Civil Court of XXXX County Iowa in XX/XX/XXXX, which demanded that the aforementioned company immediately cease identifying this account with our client. That document detailed the failure of XXXX XXXX and XXXX XXXX XXXX to comply with : The United States Fair Credit Reporting Act, 15 U.S.C. 1681, 611 The Fair Debt Collection Practices Act, 15 U.S.C.1692 4 ) This is the third account listed by a wireless company within the same time period. It is illogical that any legitimate account would have been opened with three wireless carriers by one individual in close succession unless illegal activity was involved. 
It is because of these facts, and the documentation including : a signed Fraud Affidavit, reports from two law enforcement agencies, a report from the Internal Revenue Service confirming our client as a fraud and identity theft victim ) provided which proves that this account was in no way a result of any application of our client, nor did he benefit from it in any way, that we ask that your organization immediately delete and/or block the reporting of this trade line",Company believes it acted appropriately as authorized by contract or law,ERC,IA,50321.0,,Consent provided,Web,4/10/2018,Closed with explanation,TRUE,,2870962
9/23/2022,"Credit reporting, credit repair services, or other personal consumer reports",Credit reporting,Incorrect information on your report,Information belongs to someone else,,,ERC,CA,91042,,Other,Web,9/23/2022,Closed with explanation,TRUE,,6012912
10/6/2021,"Credit reporting, credit repair services, or other personal consumer reports",Credit reporting,Incorrect information on your report,Information belongs to someone else,,,ERC,GA,30126.0,,Consent not provided,Web,10/6/2021,Closed with explanation,TRUE,,4785355
10/10/2021,"Credit reporting, credit repair services, or other personal consumer reports",Credit reporting,Incorrect information on your report,Information belongs to someone else,"I PREVIOUSLY CONTACTED THE COMPANIES AND LISTED SUPPORTING DOCUMENTS BELOW TO HAVE THESE FRAUDULENT ACCOUNTS. I HAVE CONTACTED THE DATA FURNISHER AND ASKED THEM TO REMOVE THE FRAUDULENT ACCOUNTS. 

ACCOUNTS : 1.ENHANCED RECOVERY XXXX UNAUTHORIZED ACCOUNT 2.XXXX XXXX XXXX/XXXX XXXX UNAUTHORIZED ACCOUNT",,ERC,CA,92335.0,,Consent provided,Web,10/10/2021,Closed with explanation,TRUE,,4797913
5/14/2019,"Credit reporting, credit repair services, or other personal consumer reports",Credit reporting,Incorrect information on your report,Information belongs to someone else,,Company believes it acted appropriately as authorized by contract or law,ERC,CA,91605.0,,Consent not provided,Web,5/14/2019,Closed with explanation,TRUE,,3241932
5/2/2020,"Credit reporting, credit repair services, or other personal consumer reports",Credit reporting,Incorrect information on your report,Information belongs to someone else,,,ERC,CA,91403,,Consent not provided,Web,5/2/2020,Closed with explanation,TRUE,,3634161
1/13/2020,"Credit reporting, credit repair services, or other personal consumer reports",Credit reporting,Incorrect information on your report,Information belongs to someone else,,,ERC,TX,77429.0,,Consent not provided,Web,1/13/2020,Closed with explanation,TRUE,,3493998
10/20/2017,"Credit reporting, credit repair services, or other personal consumer reports",Credit reporting,Incorrect information on your report,Information belongs to someone else,,Company believes it acted appropriately as authorized by contract or law,ERC,TX,77469.0,,,Phone,10/24/2017,Closed with explanation,TRUE,,2708348
5/21/2015,Debt collection,"Other (i.e. phone, health club, etc.)",False statements or representation,Impersonated an attorney or official,,,ERC,GA,30132.0,Servicemember,Consent not provided,Web,5/27/2015,Closed with non-monetary relief,TRUE,FALSE,1386619
3/17/2017,Debt collection,"Other (i.e. phone, health club, etc.)",False statements or representation,Indicated committed crime not paying,"I cancelled my XXXX service and noticed on my bill that I was being charged for my equipment. I called XXXX and provided proof that I had returned the equipment and they told me that they were sorry and they would take care of it and remove from my account. I did n't find out until much later when a Collection Agency said that I did n't return the equipment. The entire time XXXX told me that they received the equipment and not to worry about the charge, that it would be removed. I ca n't believe that they sent me to collections after being told it was taken care of, when it was a mistake in the first place. After I found out it was sent to collection, I called the collection agency immediately, and explained the situation and was told not to worry about it and they would call XXXX and take care of everything. I am just now finding out that the collection agency did n't follow through when pulling my credit with a company and being told that it was still on my report. I was in shock and still ca n't believe this has not been taken care of. It is costing me a lot of money and hurting my credit for a mistake that was never my fault in the first place, and should have been resolved when I was told it would be.",Company believes it acted appropriately as authorized by contract or law,ERC,FL,33327,,Consent provided,Web,3/22/2017,Closed with explanation,TRUE,FALSE,2391902
3/18/2021,"Credit reporting, credit repair services, or other personal consumer reports",Credit reporting,Problem with a credit reporting company's investigation into an existing problem,Investigation took more than 30 days,I have filed a dispute in regards to the incorrect items on my credit report. It has been well over 30 days and I haven't received any investigation results.,,ERC,OH,43612.0,,Consent provided,Web,3/18/2021,Closed with explanation,TRUE,,4225210
4/6/2021,"Credit reporting, credit repair services, or other personal consumer reports",Credit reporting,Problem with a credit reporting company's investigation into an existing problem,Investigation took more than 30 days,"Enhanced Recovery Company ( ERC ) is failing to uphold Federal Law, regarding reporting 100 % accurate information ; ERC is reporting INACCURATE, unfair information on my credit profile, which is affecting my ability to obtain credit.

I've communicated to ERC, via certified mail, with return receipt, on two ( 2 ) separate occasions ; my first letter to ERC was received and signed off on, on XX/XX/2021 at XXXX, and the second letter was received on XX/XX/2021 at XXXX. I havent received any correspondence, whatsoever, from ERC, nor have they removed this inaccurate, negative information on my credit report, and its been 13 weeks, or 91 days since theyve received and signed for my first letter! 

ERC is reporting inaccurate information on my credit report, and refuses to remove it.",,ERC,IL,60504.0,,Consent provided,Web,4/6/2021,Closed with explanation,TRUE,,4273987
5/29/2021,"Credit reporting, credit repair services, or other personal consumer reports",Credit reporting,Problem with a credit reporting company's investigation into an existing problem,Investigation took more than 30 days,On XXXX my 3rd attempted to reach out to Enhanced Recovery CO LLC for improper account reporting or furnishing on my credit report,,ERC,WA,98503,,Consent provided,Web,5/29/2021,Closed with explanation,TRUE,,4415164
11/5/2019,"Credit reporting, credit repair services, or other personal consumer reports",Credit reporting,Problem with a credit reporting company's investigation into an existing problem,Investigation took more than 30 days,"Enhance Recovery continues to furnish negative tradelines on credit file. Requested validation of signature and contest to contract. During time of tradeline, I was XXXX",Company believes it acted appropriately as authorized by contract or law,ERC,PA,17110.0,,Consent provided,Web,11/5/2019,Closed with explanation,TRUE,,3429517
11/16/2020,"Credit reporting, credit repair services, or other personal consumer reports",Credit reporting,Problem with a credit reporting company's investigation into an existing problem,Investigation took more than 30 days,"I filed a dispute in regards to the incorrect items on my credit report, it has been well over 30 days and I haven't received any investigation results.",,ERC,TX,77449.0,,Consent provided,Web,11/16/2020,Closed with explanation,TRUE,,3957585
7/29/2015,Debt collection,I do not know,Disclosure verification of debt,Not given enough info to verify debt,,Company believes it acted appropriately as authorized by contract or law,ERC,DC,20032,,Consent not provided,Web,7/29/2015,Closed with non-monetary relief,TRUE,FALSE,1492976
5/28/2015,Debt collection,"Other (i.e. phone, health club, etc.)",Disclosure verification of debt,Not given enough info to verify debt,"I have requested debt validation from this company several times. I have requested information about what this account is for, the date of XXXX delinquency, and an itemized final bill from ERC. 

The XXXX request was over 60 days ago and the last request was over 30 days ago. The only information I have recieved is a paid in full letter. I requested debt validation. 
I was told over the phone that ERC does not have this information and they need to contact the Original Creditor for this information. 
I paid this debt in full to the Original Creditor, ERC is continuing to report this debt with inaccurate information to the CRA including the date of first delinquency and the amount of the debt owed.",Company believes it acted appropriately as authorized by contract or law,ERC,FL,33611,,Consent provided,Web,5/28/2015,Closed with non-monetary relief,TRUE,TRUE,1396980
9/28/2016,Debt collection,I do not know,Disclosure verification of debt,Not given enough info to verify debt,,Company believes it acted appropriately as authorized by contract or law,ERC,AZ,85016,,Consent not provided,Web,9/28/2016,Closed with non-monetary relief,TRUE,TRUE,2135641
1/16/2014,Debt collection,"Other (i.e. phone, health club, etc.)",Disclosure verification of debt,Not given enough info to verify debt,,,ERC,KS,66061.0,,,Web,1/16/2014,Closed with non-monetary relief,TRUE,FALSE,673095
5/21/2015,Debt collection,"Other (i.e. phone, health club, etc.)",Disclosure verification of debt,Not given enough info to verify debt,,Company believes it acted appropriately as authorized by contract or law,ERC,OH,44127,,,Postal mail,5/27/2015,Closed with non-monetary relief,TRUE,FALSE,1387962
2/5/2016,Debt collection,I do not know,Disclosure verification of debt,Not given enough info to verify debt,,Company believes it acted appropriately as authorized by contract or law,ERC,TX,77082,,Consent not provided,Web,3/24/2016,Closed with non-monetary relief,TRUE,FALSE,1775783
3/31/2017,Debt collection,"Other (i.e. phone, health club, etc.)",Disclosure verification of debt,Not given enough info to verify debt,"This is the third company that has tried to collect on this debt. Each time the amount of money they say I owe increases hundreds of dollars. I have contacted XXXX each time someone tries to collect this debt and they say they have no idea that I DO NOT OWE THEM MONEY NOR HAVE I EVER HAD ANY ACCOUNT WITH THEM. they say that they never placed my account for collection. I have sent two validation demand letters to this company demanding that they show me proof that I owe this money, since XXXX themselves have no idea about the debt. The have ignored each request. I have sent a cease and deceit letter and yet they still call me. They had thirty days to provide validation which they refuse to do. I gave them two chances they refused. I sent a letter demanding they stop calling and they said when they called that they do n't have to abide by that letter. They said I owe the money and that they will either sue me for it in Florida forcing me to drive there to defend myself since I live I Ohio or they will press criminal charges against me for fraud and just have me arrested. Everything about this is illegal it violates the Fair Debt Collections Practice Act and the Fair Credit Reporting Act. They are purposefully re aging this account by selling it back and forth so it stay on my credit report.",Company believes it acted appropriately as authorized by contract or law,ERC,OH,43512,,Consent provided,Web,3/31/2017,Closed,TRUE,FALSE,2412643
12/1/2016,Debt collection,"Other (i.e. phone, health club, etc.)",Disclosure verification of debt,Not given enough info to verify debt,,Company believes it acted appropriately as authorized by contract or law,ERC,,,,,Referral,12/1/2016,Closed,TRUE,FALSE,2231053
10/5/2016,Debt collection,"Other (i.e. phone, health club, etc.)",Disclosure verification of debt,Not given enough info to verify debt,I 've asked for the creditor to validate the debt by providing an itemized bill over a dozen times. During our correspondence they continue to harass and abuse me by calling me repeatedly at all times of the day offering to close said collection to coerce payment for a debt that I ca n't confirm to be true and valid. Despite these predatory and unlawful tactics they have now reported the collection to all three reporting agencies dropping my credit score from the high XXXX to the low XXXX. I have mailed them my rebuttals and their violations of the Fair Debt Collection Practices Act yet they still continue to with their unlawful ways.,Company believes it acted appropriately as authorized by contract or law,ERC,CO,80224,,Consent provided,Web,10/5/2016,Closed with non-monetary relief,TRUE,FALSE,2147498
6/18/2015,Debt collection,"Other (i.e. phone, health club, etc.)",Disclosure verification of debt,Not given enough info to verify debt,,Company believes it acted appropriately as authorized by contract or law,ERC,NY,11434,,,Referral,6/23/2015,Closed with non-monetary relief,TRUE,FALSE,1427996
11/7/2014,Debt collection,"Other (i.e. phone, health club, etc.)",Disclosure verification of debt,Not given enough info to verify debt,,,ERC,CT,06010,,,Web,11/7/2014,Closed with non-monetary relief,TRUE,FALSE,1106855
7/7/2015,Debt collection,"Other (i.e. phone, health club, etc.)",Disclosure verification of debt,Not given enough info to verify debt,,Company believes it acted appropriately as authorized by contract or law,ERC,TX,78225,,Consent not provided,Web,7/7/2015,Closed with non-monetary relief,TRUE,FALSE,1455154
1/31/2017,Debt collection,I do not know,Disclosure verification of debt,Not given enough info to verify debt,,Company believes it acted appropriately as authorized by contract or law,ERC,TX,75088,,Consent not provided,Web,2/2/2017,Closed,TRUE,FALSE,2320045
7/10/2015,Debt collection,"Other (i.e. phone, health club, etc.)",Disclosure verification of debt,Not given enough info to verify debt,,Company believes it acted appropriately as authorized by contract or law,ERC,FL,32164.0,,Consent not provided,Web,7/16/2015,Closed with non-monetary relief,TRUE,TRUE,1462418
12/12/2016,Debt collection,"Other (i.e. phone, health club, etc.)",Disclosure verification of debt,Not given enough info to verify debt,,Company believes it acted appropriately as authorized by contract or law,ERC,NV,89102,,Consent not provided,Web,12/12/2016,Closed,TRUE,FALSE,2245027
3/10/2017,Debt collection,I do not know,Disclosure verification of debt,Not given enough info to verify debt,,Company believes it acted appropriately as authorized by contract or law,ERC,MD,21638,,Consent not provided,Web,3/14/2017,Closed,TRUE,FALSE,2381866
2/1/2015,Debt collection,Credit card,Disclosure verification of debt,Not given enough info to verify debt,,,ERC,SD,57108.0,,,Web,2/1/2015,Closed with non-monetary relief,TRUE,FALSE,1219715
7/16/2014,Debt collection,I do not know,Disclosure verification of debt,Not given enough info to verify debt,,,ERC,TX,78664,,,Web,7/21/2014,Closed with non-monetary relief,TRUE,FALSE,940626
3/17/2017,Debt collection,"Other (i.e. phone, health club, etc.)",Disclosure verification of debt,Not given enough info to verify debt,,Company believes it acted appropriately as authorized by contract or law,ERC,SC,29229,,Consent not provided,Web,3/17/2017,Closed,TRUE,FALSE,2392382
1/10/2017,Debt collection,"Other (i.e. phone, health club, etc.)",Disclosure verification of debt,Not given enough info to verify debt,,Company disputes the facts presented in the complaint,ERC,VA,23227,Older American,,Phone,1/10/2017,Closed,TRUE,FALSE,2282198
1/30/2017,Debt collection,I do not know,Disclosure verification of debt,Not given enough info to verify debt,No knowledge of this debt.,Company believes it acted appropriately as authorized by contract or law,ERC,LA,70043,,Consent provided,Web,2/2/2017,Closed,TRUE,FALSE,2316485
7/13/2015,Debt collection,"Other (i.e. phone, health club, etc.)",Disclosure verification of debt,Not given enough info to verify debt,,Company believes complaint caused principally by actions of third party outside the control or direction of the company,ERC,AZ,85042,,Consent not provided,Web,7/19/2015,Closed with non-monetary relief,TRUE,FALSE,1465996
10/19/2015,Debt collection,"Other (i.e. phone, health club, etc.)",Disclosure verification of debt,Not given enough info to verify debt,,Company believes the complaint is the result of a misunderstanding,ERC,TX,77067,Servicemember,Consent not provided,Web,10/19/2015,Closed with non-monetary relief,TRUE,FALSE,1613177
6/10/2015,Debt collection,"Other (i.e. phone, health club, etc.)",Disclosure verification of debt,Right to dispute notice not received,,Company believes it acted appropriately as authorized by contract or law,ERC,VT,05701,Servicemember,Consent not provided,Web,6/10/2015,Closed with non-monetary relief,TRUE,FALSE,1417696
5/11/2015,Debt collection,"Other (i.e. phone, health club, etc.)",Disclosure verification of debt,Right to dispute notice not received,I learned from a recent credit report that ENHANCRCVRCO is showing as a collection account and is trying to collect a debt in the amount of {$400.00}. This is the first time I have heard of this company or this debt. I was never sent a notice of right to dispute nor have I been contacted by mail or telephone regarding this alleged debt.,,ERC,CA,93534,,Consent provided,Web,5/11/2015,Closed,TRUE,FALSE,1368739
4/5/2017,Debt collection,"Other (i.e. phone, health club, etc.)",Disclosure verification of debt,Right to dispute notice not received,"On XX/XX/2014, I contacted the Consumer Financial Protection Bureau and filed a complaint against Enhanced Recovery LLC because they placed a fraudulent account on my credit from XXXX in the amount of {$780.00} without contacting me. Case Number XXXX. 

I discovered on my birthday XX/XX/XXXX that a company by the name of XXXX has now placed the same exact account on my credit 3 years later also without notifying me first to validate the debt!!! 

I am a victim of Identity Theft and i have a police report on record and i am requesting the account be removed immediately!!! 

XXXX Account Number XXXX XXXX",Company believes it acted appropriately as authorized by contract or law,ERC,CA,95206.0,,Consent provided,Web,4/5/2017,Closed,TRUE,TRUE,2420904
2/9/2015,Debt collection,"Other (i.e. phone, health club, etc.)",Disclosure verification of debt,Right to dispute notice not received,,,ERC,NY,11208,,,Web,2/9/2015,Closed with non-monetary relief,TRUE,TRUE,1231093
7/12/2015,Debt collection,"Other (i.e. phone, health club, etc.)",Disclosure verification of debt,Right to dispute notice not received,,Company disputes the facts presented in the complaint,ERC,PA,17233.0,,Consent not provided,Web,7/12/2015,Closed with non-monetary relief,TRUE,FALSE,1463968
5/30/2015,Debt collection,"Other (i.e. phone, health club, etc.)",Disclosure verification of debt,Right to dispute notice not received,,Company believes it acted appropriately as authorized by contract or law,ERC,KY,40071,,Consent not provided,Web,6/26/2015,Closed with non-monetary relief,TRUE,FALSE,1399028
4/22/2015,Debt collection,"Other (i.e. phone, health club, etc.)",Disclosure verification of debt,Right to dispute notice not received,"i recently obtained a copy of my XXXX and XXXX credit reports and saw that enhanced recovery had listed an negative account on both my XXXX and XXXX credit reports without sending a dunning letter. after I filed a complaint with the XXXX on XXXX XXXX, 2015 they sent a letter with a copy of bill which does not include whether they purchased the debt I specifically asked for all documents showing that they are allowed to attempt to collect and the original contract of the debt they are trying to collect to see if I actually owe this debt. They have been reporting this on my credit report since XXXX. I requested for them to remove all negative information as I do not believe I owe this debt ad they did not provide the information that I requested and they stated that they would send the credit reporting agency status as I am disputing this debt.",,ERC,GA,30141,,Consent provided,Web,4/22/2015,Closed with non-monetary relief,TRUE,FALSE,1341064
8/11/2014,Debt collection,"Other (i.e. phone, health club, etc.)",Disclosure verification of debt,Right to dispute notice not received,,,ERC,AZ,85042,,,Web,8/11/2014,Closed with non-monetary relief,TRUE,TRUE,978304
4/30/2015,Debt collection,"Other (i.e. phone, health club, etc.)",Disclosure verification of debt,Right to dispute notice not received,"I checked my credit reports and see an item from a debt collector called Enhanced Recovery Company for the amount of {$450.00}. They list the initial owner of the debt as XXXX XXXX XXXX whom I have not been in contact with for 7 years. I contacted Enhanced Recovery by mail and asked them to verify the debt, who was owed, original date, their right to collect. Instead of responding to me they put the "" open date '' on my credit reports as XX/XX/XXXX suggesting that 's the age of the supposed delinquency instead of my last contact with XXXX XXXX XXXX in XX/XX/XXXX. I want them to follow the FCRA and remove that line item on my credit report ( from all XXXX CRA ).",,ERC,GA,30311,Older American,Consent provided,Web,4/30/2015,Closed with non-monetary relief,TRUE,FALSE,1355419
11/20/2014,Debt collection,"Other (i.e. phone, health club, etc.)",Disclosure verification of debt,Right to dispute notice not received,,,ERC,GA,30004,,,Web,11/20/2014,Closed with non-monetary relief,TRUE,TRUE,1161818
12/29/2016,Debt collection,"Other (i.e. phone, health club, etc.)",Disclosure verification of debt,Right to dispute notice not received,Enhanced recovery reported a collection account to the credit bureaus on behalf of XXXX XXXX. Enhanced Recovery did not have my current address. They sent collection letters tour old address. I called them today and asked them to remove the debt from my credit report because it was not fair they reported me without PROPER notification. They declined. I am willing to pay the account in full. It 's not justifiable I am being punished for their lack of proper notification.,Company believes it acted appropriately as authorized by contract or law,ERC,VA,22193,,Consent provided,Web,12/29/2016,Closed with non-monetary relief,TRUE,FALSE,2269099
7/22/2014,Debt collection,"Other (i.e. phone, health club, etc.)",Disclosure verification of debt,Right to dispute notice not received,,,ERC,IL,62704,Servicemember,,Web,8/1/2014,Closed with non-monetary relief,TRUE,FALSE,947541
7/15/2014,Debt collection,"Other (i.e. phone, health club, etc.)",Disclosure verification of debt,Right to dispute notice not received,,,ERC,TX,77045,,,Web,7/15/2014,Closed with non-monetary relief,TRUE,FALSE,938545
2/3/2017,Debt collection,I do not know,Improper contact or sharing of info,Talked to a third party about my debt,"As a concerned Consumer, I recently pulled my credit report and was in total shock to find that ERC has placed an alleged debt on my profile. ERC has communicated false claims and information with the credit reporting agencies without my knowledge. ERC has received payment from through deception and misrepresentation. I have not done any business with ERC previously and would have never authorized ERC to place derogatory information on my credit report to intentionally hurt, harm and cause damage against me as Creditor/Consumer. This action has also caused me to be denied credit extension harming my chances in the pursuit of happiness for me and my family.",Company believes it acted appropriately as authorized by contract or law,ERC,FL,33436,,Consent provided,Web,2/3/2017,Closed,TRUE,FALSE,2327007
4/7/2015,Debt collection,"Other (i.e. phone, health club, etc.)",Improper contact or sharing of info,Talked to a third party about my debt,,,ERC,TX,78667,,Consent not provided,Web,4/10/2015,Closed with non-monetary relief,TRUE,TRUE,1318744
1/28/2017,Debt collection,I do not know,Improper contact or sharing of info,Talked to a third party about my debt,"As a concerned Consumer, I recently pulled my credit report and was in total shock to find that ERC has placed an alleged debt on my profile. ERC has communicated false claims and information with the credit reporting agencies without my knowledge. I have not done any business with ERC and would have never authorized ERC to place derogatory information on my credit report to intentionally hurt, harm and cause damage against me as Creditor/Consumer. This action has also caused me to be denied credit extension harming my chances in the pursuit of happiness for me and my family.",Company believes it acted appropriately as authorized by contract or law,ERC,FL,33463,,Consent provided,Web,1/28/2017,Closed,TRUE,FALSE,2314199
7/17/2014,Debt collection,"Other (i.e. phone, health club, etc.)",Improper contact or sharing of info,Talked to a third party about my debt,,,ERC,IL,60611,,,Web,7/17/2014,Closed with non-monetary relief,TRUE,FALSE,941046
11/6/2015,Debt collection,"Other (i.e. phone, health club, etc.)",Communication tactics,Used obscene/profane/abusive language,"I called into Enhanced Recovery Cor to settle my {$370.00} XXXX account. I asked to speak to a manager because things usually go better that way. The representative asked me why, I explained, she replied with "" so you think that 's going to help you not pay ''. 
She ended up transferring me when I threatened to hangup. The manager was rude, constantly interrupted me, raised his voice. When I offered to settle for {$100.00} which is all I can afford & a little over 25 % he laughed & said I needed to try & settle for at least half which is {$180.00}. I told him I could n't & he said that his company would check into that & call me every few days until I figured out how to pay it.",Company disputes the facts presented in the complaint,ERC,UT,84078,,Consent provided,Web,11/6/2015,Closed with non-monetary relief,TRUE,FALSE,1643489
6/7/2016,Debt collection,"Other (i.e. phone, health club, etc.)",Communication tactics,Used obscene/profane/abusive language,,Company believes it acted appropriately as authorized by contract or law,ERC,TX,75243,,Consent not provided,Web,7/9/2016,Closed,FALSE,FALSE,1958247
6/4/2018,Debt collection,I do not know,Threatened to contact someone or share information improperly,Contacted you instead of your attorney,I never had a XXXX phone. I cant afford XXXX XXXX.XX/XX/XXXX they put on my credit report XXXX is all i see for acct number. I need this removed its destroying my life and they said i must pay to delete it even if its not mines or it will ruin to credit. I told them i would call ftc they said so. I dont know what to do.,Company believes it acted appropriately as authorized by contract or law,ERC,NJ,8817.0,,Consent provided,Web,6/4/2018,Closed with explanation,TRUE,,2926569
12/12/2015,Debt collection,Credit card,False statements or representation,Indicated shouldn't respond to lawsuit,,Company believes it acted appropriately as authorized by contract or law,ERC,FL,33173,,Other,Web,12/17/2015,Closed with non-monetary relief,TRUE,FALSE,1694747
1/24/2016,Debt collection,"Other (i.e. phone, health club, etc.)",False statements or representation,Indicated shouldn't respond to lawsuit,,Company believes it acted appropriately as authorized by contract or law,ERC,GA,31542.0,Older American,Consent not provided,Web,1/30/2016,Closed with non-monetary relief,TRUE,FALSE,1755422
5/15/2015,Debt collection,"Other (i.e. phone, health club, etc.)",Disclosure verification of debt,Not disclosed as an attempt to collect,I check my credit monthly on creditkarma.com just to make sure nothing unusual pops up. When I saw a debt for comcast I disputed it. Over the last XXXX weeks I 've been trying to contact Enhanced Recovery to verify the debt and show proof of return to XXXX. However if you get in contact with someone they immediately hang up. Also they have a pre-recorded message that just loops and eventually hangs up.,,ERC,PA,19560,,Consent provided,Web,5/15/2015,Closed with non-monetary relief,TRUE,TRUE,1377515
7/24/2016,Debt collection,"Other (i.e. phone, health club, etc.)",Disclosure verification of debt,Not disclosed as an attempt to collect,XXXXI get phone calls and letter for a collection agency trying to collected money for bills who I did n't know was on collection. I get multiples phone calls treated me of jail. I never received a bill for the previous company with an amount to paid. I want this harassment to stop immediately before I request some compensations for this issue. I am on DO NOT CALL list and still get call from collections who used difference number to get me answer. I did n't have any communication from the company before they put me in collection.,Company believes it acted appropriately as authorized by contract or law,ERC,OK,73160,,Consent provided,Web,7/24/2016,Closed with non-monetary relief,TRUE,FALSE,2026726
11/4/2014,Debt collection,I do not know,Communication tactics,Called after sent written cease of comm,,,ERC,MN,55406,,,Web,11/13/2014,Closed with non-monetary relief,TRUE,FALSE,1100453
8/22/2014,Debt collection,Credit card,Communication tactics,Called after sent written cease of comm,,,ERC,AK,99801,,,Web,10/8/2014,Closed with non-monetary relief,TRUE,FALSE,997596
10/29/2021,Debt collection,Credit card debt,Threatened to contact someone or share information improperly,Talked to a third-party about your debt,,,ERC,TX,78664.0,,Consent not provided,Web,10/29/2021,Closed with explanation,TRUE,,4857594
4/28/2020,Debt collection,Other debt,Threatened to contact someone or share information improperly,Talked to a third-party about your debt,I DO NOT OWE THIS CMPANY. THEY CONTACTED SOMEONE OTHER THAN MYSELF AND DISCUSSED THIS MATTER. PLEASE REMOVE THIS FROM MY CREDIT REPORT,,ERC,TX,77303.0,,Consent provided,Web,4/28/2020,Closed with explanation,TRUE,,3626239
3/13/2018,Debt collection,I do not know,Written notification about debt,Didn't receive notice of right to dispute,I received notification form XXXX  that a new collection was added to my report as of XX/XX/2018 from XXXX XXXX XXXX for over XXXX for XXXX XXXX. I have never had any services with XXXX XXXX. I was not sent any info in regards to this which gives me a chance to validate and dispute this debt which is against the law.,Company believes it acted appropriately as authorized by contract or law,ERC,OH,43224.0,,Consent provided,Web,3/13/2018,Closed with explanation,TRUE,,2841537
1/3/2022,Debt collection,I do not know,Written notification about debt,Didn't receive notice of right to dispute,,,ERC,UT,84009.0,,Consent not provided,Web,1/3/2022,Closed with explanation,TRUE,,5063693
9/4/2021,Debt collection,I do not know,Written notification about debt,Didn't receive notice of right to dispute,"On XX/XX/2021, I received an alert that Enhanced Recovery Company has added an account with an alleged debt on my credit reports. I never received a dunning letter from them to allow me to request that they provide me with the proper documentation to validate this alleged debt. I know for certain I never any business with Enhaced Recovery Company. I need them to close this account with this alleged debt and delete it from my credit reports. 
Account : XXXX Amount : {$2000.00} "" open date '' reporting : XX/XX/2021 XXXX",,ERC,FL,33063.0,,Consent provided,Web,9/4/2021,Closed with explanation,TRUE,,4691267
11/26/2019,Debt collection,Other debt,Written notification about debt,Didn't receive notice of right to dispute,,,ERC,CA,95333,,Other,Web,12/3/2019,Closed with explanation,TRUE,,3450966
8/2/2021,Debt collection,Other debt,Written notification about debt,Didn't receive notice of right to dispute,When I checked my credit report I noticed A collection from Enhanced Recovery account # XXXX. I quickly went ahead and made the payment even tough I never got notice from them or was aware of this debt. But want to protect my credit so took care of it immediately..,,ERC,FL,33162.0,,Consent provided,Web,8/2/2021,Closed with explanation,TRUE,,4595401
4/29/2021,Debt collection,Other debt,Written notification about debt,Didn't receive notice of right to dispute,,,ERC,CA,93041.0,,Consent not provided,Web,4/29/2021,Closed with explanation,TRUE,,4337747
2/3/2018,Debt collection,Other debt,Written notification about debt,Didn't receive notice of right to dispute,,Company believes it acted appropriately as authorized by contract or law,ERC,FL,33682.0,,Consent not provided,Web,2/3/2018,Closed with explanation,TRUE,,2802960
7/23/2021,Debt collection,Medical debt,Written notification about debt,Didn't receive notice of right to dispute,,,ERC,FL,32818.0,,Consent not provided,Web,7/23/2021,Closed with explanation,TRUE,,4569381
3/25/2019,Debt collection,Other debt,Written notification about debt,Didn't receive notice of right to dispute,"Received a call from a XXXX  collector whom verified my XXXX  address, told me XXXX  is not a closed border state when it is. Continued collection efforts. XXXX falsely verified they can proceed collection efforts in a closed border state of which they don't carry a license to collect. Mailed debt validation to my XXXX address.",Company believes it acted appropriately as authorized by contract or law,ERC,CO,80021.0,,Consent provided,Web,3/25/2019,Closed with explanation,FALSE,,3190598
4/30/2021,Debt collection,I do not know,Written notification about debt,Didn't receive notice of right to dispute,,,ERC,TX,76401.0,,Consent not provided,Web,4/30/2021,Closed with explanation,TRUE,,4340159
3/10/2021,Debt collection,Other debt,Written notification about debt,Didn't receive notice of right to dispute,I contacted this company due to a bill of {$3400.00} showing on my credit report which I wanted validated because I have no knowledge of this bill. I sent them a request for validation on XX/XX/XXXX and they did received it on XX/XX/XXXX at XXXX XXXX in their offices I gave them 30 days to reply but I did not received anything from them I gave more time and again wrote them on XX/XX/XXXX and they received the letter in their offices on XX/XX/XXXX at XXXX XXXX and today is XX/XX/XXXX and I never have received a letter from them and was advised by my lawyer to submit the complaint here because by law the only have 30 days to validate the debt and since they received my first letter on XX/XX/XXXX over 90 days In which I have not received a reply and due to their actions in failing to responding me in time and not receiving any letters from them I want this account deleted from my Credit Report. I will send attached documents and the certified mail receipts for further proof. This is irresponsible from them and this is affecting my credit.,,ERC,PA,17403,,Consent provided,Web,3/10/2021,Closed with explanation,TRUE,,4201143
2/14/2019,Debt collection,Other debt,Written notification about debt,Didn't receive notice of right to dispute,,Company believes it acted appropriately as authorized by contract or law,ERC,FL,33034,,Consent not provided,Web,2/14/2019,Closed with explanation,TRUE,,3152030
3/1/2018,Debt collection,Other debt,Written notification about debt,Didn't receive notice of right to dispute,,Company believes it acted appropriately as authorized by contract or law,ERC,CA,90290.0,,Other,Web,3/1/2018,Closed with explanation,TRUE,,2829681
12/13/2018,Debt collection,Other debt,Written notification about debt,Didn't receive notice of right to dispute,"These people have not provided me with anything that I asked for. When I orginally contacted this company I wanted to get the debt verified and to get a copy of the bill and any other information pertaining to this account. The representative was very rude and stated that if i did not recall seeing the debt that i would have to fill out a fruad packet. They basically denied me the right to dispute this bill by trying to force me to fill out a fruad packet by over talking me and not allowing me to ask them for the things that I need for me to dispute this account. THIS IS ILLEGAL. BEFORE I proceed with a fruad packet I would like you to upload a copy of on the bill from XXXX communications. I need the first date of service, and itemized list of of the bill, as well as when the last payment was recieved. I would also like to see a contract from the company. It is my right to dispute all or some parts of a debt. you have not provided me the opprotunity to do that. 

I would like this company to be reported to the FTC. They use pressurized over talking tatics to push consumers into a corner so they do not have to verify a debt. When I asked them to verify the debt. They lady kept over talking asking if the debt was mines or not. and I kept explaining to her that I do not recall but would like them to verify the debt. she said that if I did not recall seeing the debt that I would need to fill out a fruad packet. They are refusing to allow me to dispute all or parts of my debt by not allowing me to ask them for the things I need. I would like this company to be fined.",Company believes it acted appropriately as authorized by contract or law,ERC,MO,64050.0,Servicemember,Consent provided,Web,12/13/2018,Closed with explanation,TRUE,,3099635
10/31/2018,Debt collection,Other debt,Written notification about debt,Didn't receive notice of right to dispute,,Company believes it acted appropriately as authorized by contract or law,ERC,TX,78711.0,,Consent not provided,Web,10/31/2018,Closed with explanation,TRUE,,3061718
9/9/2022,Debt collection,Other debt,Written notification about debt,Didn't receive notice of right to dispute,,,ERC,TX,77025,,Consent not provided,Web,9/9/2022,Closed with explanation,TRUE,,5961971
5/23/2021,Debt collection,I do not know,Written notification about debt,Didn't receive notice of right to dispute,,,ERC,AL,36117.0,,Consent not provided,Web,5/23/2021,Closed with explanation,TRUE,,4398613